번호,제목,등록일,조회,문서번호,URL
398,법정감염병 진단검사 통합지침(제5판),2026.07.23,385,20260723171016500,https://dportal.kdca.go.kr/pot/bbs/BD_selectBbs.do?q_bbsSn=1001&q_bbsDocNo=20260723171016500&q_clsfNo=-1
397,엠폭스 관리지침(제3-1판),2026.06.01,304,20260601083147987,https://dportal.kdca.go.kr/pot/bbs/BD_selectBbs.do?q_bbsSn=1001&q_bbsDocNo=20260601083147987&q_clsfNo=-1
396,2026년 성매개감염병 관리지침,2026.03.03,1058,20260303173721749,https://dportal.kdca.go.kr/pot/bbs/BD_selectBbs.do?q_bbsSn=1001&q_bbsDocNo=20260303173721749&q_clsfNo=-1
395,2026년도 한센병사업 관리지침,2026.02.24,593,20260224093345460,https://dportal.kdca.go.kr/pot/bbs/BD_selectBbs.do?q_bbsSn=1001&q_bbsDocNo=20260224093345460&q_clsfNo=-1
394,만성 코로나19증후군 임상진료지침 권고안(2025),2026.02.10,1206,20260210094545190,https://dportal.kdca.go.kr/pot/bbs/BD_selectBbs.do?q_bbsSn=1001&q_bbsDocNo=20260210094545190&q_clsfNo=-1
393,2026년 HIV/AIDS 관리지침,2026.02.02,2877,20260202102903689,https://dportal.kdca.go.kr/pot/bbs/BD_selectBbs.do?q_bbsSn=1001&q_bbsDocNo=20260202102903689&q_clsfNo=-1
392,2026년도 호흡기감염병 관리지침(일부개정판),2026.01.30,3021,20260130085033851,https://dportal.kdca.go.kr/pot/bbs/BD_selectBbs.do?q_bbsSn=1001&q_bbsDocNo=20260130085033851&q_clsfNo=-1
391,2026년도 제1급감염병 대응지침(4종),2026.01.26,2413,20260126111805686,https://dportal.kdca.go.kr/pot/bbs/BD_selectBbs.do?q_bbsSn=1001&q_bbsDocNo=20260126111805686&q_clsfNo=-1
390,2026 국가결핵관리지침,2026.01.05,2058,20260105170034695,https://dportal.kdca.go.kr/pot/bbs/BD_selectBbs.do?q_bbsSn=1001&q_bbsDocNo=20260105170034695&q_clsfNo=-1
389,엠폭스 관리지침(제3판),2025.12.18,464,20251218131542258,https://dportal.kdca.go.kr/pot/bbs/BD_selectBbs.do?q_bbsSn=1001&q_bbsDocNo=20251218131542258&q_clsfNo=-1
388,법정감염병 진단검사 통합지침(제4-2판),2025.12.08,2235,20251208110516818,https://dportal.kdca.go.kr/pot/bbs/BD_selectBbs.do?q_bbsSn=1001&q_bbsDocNo=20251208110516818&q_clsfNo=-1
387,제1급감염병 니파바이러스감염증 대응 지침(제1판),2025.09.08,1200,20250908095956243,https://dportal.kdca.go.kr/pot/bbs/BD_selectBbs.do?q_bbsSn=1001&q_bbsDocNo=20250908095956243&q_clsfNo=-1
386,2025년도 코로나바이러스감염증-19 관리지침,2025.09.01,3753,20250901094907451,https://dportal.kdca.go.kr/pot/bbs/BD_selectBbs.do?q_bbsSn=1001&q_bbsDocNo=20250901094907451&q_clsfNo=-1
385,2025년 HIV/AIDS 관리지침 개정판,2025.07.15,980,20250715090240017,https://dportal.kdca.go.kr/pot/bbs/BD_selectBbs.do?q_bbsSn=1001&q_bbsDocNo=20250715090240017&q_clsfNo=-1
384,2025년 예방접종대상감염병 관리지침,2025.05.23,2538,20250523095735415,https://dportal.kdca.go.kr/pot/bbs/BD_selectBbs.do?q_bbsSn=1001&q_bbsDocNo=20250523095735415&q_clsfNo=-1
383,2025년도 레지오넬라증 관리지침,2025.04.23,1156,20250423131851611,https://dportal.kdca.go.kr/pot/bbs/BD_selectBbs.do?q_bbsSn=1001&q_bbsDocNo=20250423131851611&q_clsfNo=-1
382,2025년도 호흡기감염병 관리지침,2025.04.23,3160,20250423131734260,https://dportal.kdca.go.kr/pot/bbs/BD_selectBbs.do?q_bbsSn=1001&q_bbsDocNo=20250423131734260&q_clsfNo=-1
381,2025년도 한센병사업 관리지침,2025.03.27,761,20250327084011146,https://dportal.kdca.go.kr/pot/bbs/BD_selectBbs.do?q_bbsSn=1001&q_bbsDocNo=20250327084011146&q_clsfNo=-1
380,2025년 성매개감염병 관리지침,2025.02.05,4318,20250205155317271,https://dportal.kdca.go.kr/pot/bbs/BD_selectBbs.do?q_bbsSn=1001&q_bbsDocNo=20250205155317271&q_clsfNo=-1
379,2025년 HIV/AIDS 관리지침,2025.02.05,1485,20250205155252342,https://dportal.kdca.go.kr/pot/bbs/BD_selectBbs.do?q_bbsSn=1001&q_bbsDocNo=20250205155252342&q_clsfNo=-1
378,원인불명 질병 집단감염 대응지침(제3판),2025.01.02,1565,20250102164359901,https://dportal.kdca.go.kr/pot/bbs/BD_selectBbs.do?q_bbsSn=1001&q_bbsDocNo=20250102164359901&q_clsfNo=-1
377,2025년 제1급감염병 대응지침 4종 개정본,2025.01.02,7466,20250102163041973,https://dportal.kdca.go.kr/pot/bbs/BD_selectBbs.do?q_bbsSn=1001&q_bbsDocNo=20250102163041973&q_clsfNo=-1
376,엠폭스 관리지침(2024.10) 개정판,2024.10.29,1078,20241029104413425,https://dportal.kdca.go.kr/pot/bbs/BD_selectBbs.do?q_bbsSn=1001&q_bbsDocNo=20241029104413425&q_clsfNo=-1
375,법정감염병 진단검사 통합지침 제4-1판,2024.10.02,3154,20241002112654295,https://dportal.kdca.go.kr/pot/bbs/BD_selectBbs.do?q_bbsSn=1001&q_bbsDocNo=20241002112654295&q_clsfNo=-1
374,2024년도 코로나바이러스감염증-19 관리지침 개정본(2024.8.16.),2024.08.16,8155,20240816210535386,https://dportal.kdca.go.kr/pot/bbs/BD_selectBbs.do?q_bbsSn=1001&q_bbsDocNo=20240816210535386&q_clsfNo=-1
373,엠폭스 관리지침,2024.06.25,2085,20240625152525766,https://dportal.kdca.go.kr/pot/bbs/BD_selectBbs.do?q_bbsSn=1001&q_bbsDocNo=20240625152525766&q_clsfNo=-1
372,제1급감염병 대응지침 4종 개정(2024년 1월),2024.06.20,4265,20240620130843258,https://dportal.kdca.go.kr/pot/bbs/BD_selectBbs.do?q_bbsSn=1001&q_bbsDocNo=20240620130843258&q_clsfNo=-1
371,2024년도 코로나바이러스감염증-19 관리 지침(수정),2024.06.19,6988,20240619174638769,https://dportal.kdca.go.kr/pot/bbs/BD_selectBbs.do?q_bbsSn=1001&q_bbsDocNo=20240619174638769&q_clsfNo=-1
370,결핵환자 맞춤형 통합관리 지침 안내,2024.05.31,2376,20240531090527953,https://dportal.kdca.go.kr/pot/bbs/BD_selectBbs.do?q_bbsSn=1001&q_bbsDocNo=20240531090527953&q_clsfNo=-1
369,2024년도 한센병사업 관리지침,2024.05.31,1686,20240531085924434,https://dportal.kdca.go.kr/pot/bbs/BD_selectBbs.do?q_bbsSn=1001&q_bbsDocNo=20240531085924434&q_clsfNo=-1
368,2024년 법정감염병 진단·신고기준 지침,2024.05.30,6360,20240530142828593,https://dportal.kdca.go.kr/pot/bbs/BD_selectBbs.do?q_bbsSn=1001&q_bbsDocNo=20240530142828593&q_clsfNo=-1
367,2024년 레지오넬라증 관리지침,2024.04.30,1940,20240430171900726,https://dportal.kdca.go.kr/pot/bbs/BD_selectBbs.do?q_bbsSn=1001&q_bbsDocNo=20240430171900726&q_clsfNo=-1
366,‘국립결핵병원 치료·간병 통합지원 시범사업’ 시행 안내(2024.5.1.시행),2024.04.26,1657,20240426093937340,https://dportal.kdca.go.kr/pot/bbs/BD_selectBbs.do?q_bbsSn=1001&q_bbsDocNo=20240426093937340&q_clsfNo=-1
365,「잠복결핵감염 관리 안내」,2024.04.11,3156,20240411081008313,https://dportal.kdca.go.kr/pot/bbs/BD_selectBbs.do?q_bbsSn=1001&q_bbsDocNo=20240411081008313&q_clsfNo=-1
364,「다제내성결핵 치료 신약 사전심사제」 일부개정 및 안내서 배포 알림,2024.03.29,1432,20240329132858733,https://dportal.kdca.go.kr/pot/bbs/BD_selectBbs.do?q_bbsSn=1001&q_bbsDocNo=20240329132858733&q_clsfNo=-1
363,2024년 성매개감염병 관리지침,2024.03.25,1432,20240325155116350,https://dportal.kdca.go.kr/pot/bbs/BD_selectBbs.do?q_bbsSn=1001&q_bbsDocNo=20240325155116350&q_clsfNo=-1
362,2024년 HIV/AIDS 관리지침,2024.03.25,1193,20240325155029768,https://dportal.kdca.go.kr/pot/bbs/BD_selectBbs.do?q_bbsSn=1001&q_bbsDocNo=20240325155029768&q_clsfNo=-1
361,「교정시설 결핵관리지침」(2024),2024.03.25,841,20240325083936144,https://dportal.kdca.go.kr/pot/bbs/BD_selectBbs.do?q_bbsSn=1001&q_bbsDocNo=20240325083936144&q_clsfNo=-1
360,「2024 국가결핵관리지침」 발간 안내,2024.03.13,2838,20240313093618575,https://dportal.kdca.go.kr/pot/bbs/BD_selectBbs.do?q_bbsSn=1001&q_bbsDocNo=20240313093618575&q_clsfNo=-1
359,「2024년 찾아가는 결핵검진사업 세부안내」,2024.03.07,859,20240307173951026,https://dportal.kdca.go.kr/pot/bbs/BD_selectBbs.do?q_bbsSn=1001&q_bbsDocNo=20240307173951026&q_clsfNo=-1
358,2024년 결핵진료지침 5판,2024.01.31,3026,20240131171500902,https://dportal.kdca.go.kr/pot/bbs/BD_selectBbs.do?q_bbsSn=1001&q_bbsDocNo=20240131171500902&q_clsfNo=-1
357,2023-2024절기 인플루엔자 관리지침,2024.01.10,3363,20240110132703995,https://dportal.kdca.go.kr/pot/bbs/BD_selectBbs.do?q_bbsSn=1001&q_bbsDocNo=20240110132703995&q_clsfNo=-1
356,2024년도 의료관련감염병 관리지침,2023.12.29,5038,20231229171954294,https://dportal.kdca.go.kr/pot/bbs/BD_selectBbs.do?q_bbsSn=1001&q_bbsDocNo=20231229171954294&q_clsfNo=-1
355,시설별 인플루엔자 관리 지침(사업장용),2023.11.17,1593,20231117751078306,https://dportal.kdca.go.kr/pot/bbs/BD_selectBbs.do?q_bbsSn=1001&q_bbsDocNo=20231117751078306&q_clsfNo=0
354,"시설별 인플루엔자 관리 지침(어린이집, 유치원, 학교용)",2023.11.17,2135,20231117600440448,https://dportal.kdca.go.kr/pot/bbs/BD_selectBbs.do?q_bbsSn=1001&q_bbsDocNo=20231117600440448&q_clsfNo=0
353,시설별 인플루엔자 관리 지침(노인복지시설용),2023.11.17,1176,20231117328771556,https://dportal.kdca.go.kr/pot/bbs/BD_selectBbs.do?q_bbsSn=1001&q_bbsDocNo=20231117328771556&q_clsfNo=0
352,엠폭스 대응지침(지자체용) 제5-2판,2023.08.18,1236,20230818784829459,https://dportal.kdca.go.kr/pot/bbs/BD_selectBbs.do?q_bbsSn=1001&q_bbsDocNo=20230818784829459&q_clsfNo=0
351,2023년 바이러스성모기매개감염병 관리지침,2023.07.20,1708,20230720420380375,https://dportal.kdca.go.kr/pot/bbs/BD_selectBbs.do?q_bbsSn=1001&q_bbsDocNo=20230720420380375&q_clsfNo=0
350,2023년 말라리아 관리지침,2023.07.20,1870,20230720097551027,https://dportal.kdca.go.kr/pot/bbs/BD_selectBbs.do?q_bbsSn=1001&q_bbsDocNo=20230720097551027&q_clsfNo=0
349,「2023년 찾아가는 결핵검진사업 세부 안내」 ('23.1.1. ),2023.07.17,1125,20230717577288771,https://dportal.kdca.go.kr/pot/bbs/BD_selectBbs.do?q_bbsSn=1001&q_bbsDocNo=20230717577288771&q_clsfNo=0
348,인수공통감염병 공동 역학조사 매뉴얼(3.인수공통결핵),2023.06.21,1232,20230621890950466,https://dportal.kdca.go.kr/pot/bbs/BD_selectBbs.do?q_bbsSn=1001&q_bbsDocNo=20230621890950466&q_clsfNo=0
347,2023년 제1급감염병 중동호흡기증후군(MERS)·중증급성호흡기증후군(SARS) 대응지침,2023.04.21,808,20230421944839744,https://dportal.kdca.go.kr/pot/bbs/BD_selectBbs.do?q_bbsSn=1001&q_bbsDocNo=20230421944839744&q_clsfNo=0
346,2023년 제1급감염병 두창·페스트·탄저·보툴리눔독소증·야토병 대응지침,2023.04.21,621,20230421731941239,https://dportal.kdca.go.kr/pot/bbs/BD_selectBbs.do?q_bbsSn=1001&q_bbsDocNo=20230421731941239&q_clsfNo=0
345,2023년 제1급감염병 동물인플루엔자 인체감염증 대응지침,2023.04.21,492,20230421489669316,https://dportal.kdca.go.kr/pot/bbs/BD_selectBbs.do?q_bbsSn=1001&q_bbsDocNo=20230421489669316&q_clsfNo=0
344,2023년 제1급감염병 바이러스성출혈열 대응지침,2023.04.21,477,20230421136838350,https://dportal.kdca.go.kr/pot/bbs/BD_selectBbs.do?q_bbsSn=1001&q_bbsDocNo=20230421136838350&q_clsfNo=0
343,2023년 HIV/AIDS 관리지침,2023.04.11,497,20230411326387664,https://dportal.kdca.go.kr/pot/bbs/BD_selectBbs.do?q_bbsSn=1001&q_bbsDocNo=20230411326387664&q_clsfNo=0
342,2023 법정감염병 진단·신고기준 지침,2023.03.27,9914,20230327679216524,https://dportal.kdca.go.kr/pot/bbs/BD_selectBbs.do?q_bbsSn=1001&q_bbsDocNo=20230327679216524&q_clsfNo=0
341,2023 감염병 관리 사업 안내 지침,2023.03.22,5658,20230322772673534,https://dportal.kdca.go.kr/pot/bbs/BD_selectBbs.do?q_bbsSn=1001&q_bbsDocNo=20230322772673534&q_clsfNo=0
340,2023년 성매개감염병 관리지침,2023.02.22,713,20230222892150317,https://dportal.kdca.go.kr/pot/bbs/BD_selectBbs.do?q_bbsSn=1001&q_bbsDocNo=20230222892150317&q_clsfNo=0
339,HIV/AIDS 관리지침[2022년],2022.03.11,5257,20220311456878346,https://dportal.kdca.go.kr/pot/bbs/BD_selectBbs.do?q_bbsSn=1001&q_bbsDocNo=20220311456878346&q_clsfNo=0
338,2022년 법정감염병 진단·신고기준,2022.03.10,14913,20220310892457394,https://dportal.kdca.go.kr/pot/bbs/BD_selectBbs.do?q_bbsSn=1001&q_bbsDocNo=20220310892457394&q_clsfNo=0
337,2022년도 엔테로바이러스 관리지침,2022.03.02,1440,20220302615066215,https://dportal.kdca.go.kr/pot/bbs/BD_selectBbs.do?q_bbsSn=1001&q_bbsDocNo=20220302615066215&q_clsfNo=0
336,"2022년 수인성, 식품매개감염병관리지침",2022.03.02,4160,20220302047843853,https://dportal.kdca.go.kr/pot/bbs/BD_selectBbs.do?q_bbsSn=1001&q_bbsDocNo=20220302047843853&q_clsfNo=0
335,바이러스성출혈열 대응지침입니다.,2022.01.25,662,20220125886432776,https://dportal.kdca.go.kr/pot/bbs/BD_selectBbs.do?q_bbsSn=1001&q_bbsDocNo=20220125886432776&q_clsfNo=0
334,동물인플루엔자 인체감염증 대응지침 입니다.,2022.01.25,521,20220125784788667,https://dportal.kdca.go.kr/pot/bbs/BD_selectBbs.do?q_bbsSn=1001&q_bbsDocNo=20220125784788667&q_clsfNo=0
333,"두창, 페스트, 탄저, 보툴리눔독소증, 야토병 대응지침입니다.",2022.01.25,1169,20220125628280733,https://dportal.kdca.go.kr/pot/bbs/BD_selectBbs.do?q_bbsSn=1001&q_bbsDocNo=20220125628280733&q_clsfNo=0
332,중증급성호흡기증후군(SARS) 대응지침입니다.,2022.01.25,866,20220125546375205,https://dportal.kdca.go.kr/pot/bbs/BD_selectBbs.do?q_bbsSn=1001&q_bbsDocNo=20220125546375205&q_clsfNo=0
331,중동호흡기증후군(MERS) 대응지침입니다.,2022.01.25,731,20220125213542588,https://dportal.kdca.go.kr/pot/bbs/BD_selectBbs.do?q_bbsSn=1001&q_bbsDocNo=20220125213542588&q_clsfNo=0
330,2022년도 감염병 관리 사업 안내,2022.01.11,11979,20220111049307881,https://dportal.kdca.go.kr/pot/bbs/BD_selectBbs.do?q_bbsSn=1001&q_bbsDocNo=20220111049307881&q_clsfNo=0
329,2021_2022절기 인플루엔자 관리지침,2022.01.10,1423,20220110502426489,https://dportal.kdca.go.kr/pot/bbs/BD_selectBbs.do?q_bbsSn=1001&q_bbsDocNo=20220110502426489&q_clsfNo=0
328,HIV/AIDS 관리지침[2010~2020년],2021.09.30,1500,20210930438874347,https://dportal.kdca.go.kr/pot/bbs/BD_selectBbs.do?q_bbsSn=1001&q_bbsDocNo=20210930438874347&q_clsfNo=0
327,2021년도 감염병 관리 사업 안내,2021.07.19,6630,20210719956366737,https://dportal.kdca.go.kr/pot/bbs/BD_selectBbs.do?q_bbsSn=1001&q_bbsDocNo=20210719956366737&q_clsfNo=0
326,2021년 HIV/AIDS 관리지침,2021.01.05,2034,20210105190523210,https://dportal.kdca.go.kr/pot/bbs/BD_selectBbs.do?q_bbsSn=1001&q_bbsDocNo=20210105190523210&q_clsfNo=0
325,법정감염병 분류체계 및 신고범위,2020.12.30,4137,20201230171846647,https://dportal.kdca.go.kr/pot/bbs/BD_selectBbs.do?q_bbsSn=1001&q_bbsDocNo=20201230171846647&q_clsfNo=0
324,인플루엔자 관리 가이드라인(요양기관용),2020.12.16,534,20201216887608148,https://dportal.kdca.go.kr/pot/bbs/BD_selectBbs.do?q_bbsSn=1001&q_bbsDocNo=20201216887608148&q_clsfNo=0
323,인플루엔자 관리지침,2020.12.16,2169,20201216564660779,https://dportal.kdca.go.kr/pot/bbs/BD_selectBbs.do?q_bbsSn=1001&q_bbsDocNo=20201216564660779&q_clsfNo=0
322,"인플루엔자 관리 가이드라인(어린이집, 유치원, 학교)",2020.11.25,516,20201125503518370,https://dportal.kdca.go.kr/pot/bbs/BD_selectBbs.do?q_bbsSn=1001&q_bbsDocNo=20201125503518370&q_clsfNo=0
321,인플루엔자 관리 가이드라인(사업장용),2020.11.25,196,20201125456678532,https://dportal.kdca.go.kr/pot/bbs/BD_selectBbs.do?q_bbsSn=1001&q_bbsDocNo=20201125456678532&q_clsfNo=0
320,법정감염병 분류체계 및 신고범위,2020.09.22,2243,20200922761833797,https://dportal.kdca.go.kr/pot/bbs/BD_selectBbs.do?q_bbsSn=1001&q_bbsDocNo=20200922761833797&q_clsfNo=0
319,법정감염병 분류체계 및 신고범위,2020.06.29,2435,20200629964913765,https://dportal.kdca.go.kr/pot/bbs/BD_selectBbs.do?q_bbsSn=1001&q_bbsDocNo=20200629964913765&q_clsfNo=0
318,2020년도 법정감염병 진단신고기준,2020.06.29,2249,20200629663564877,https://dportal.kdca.go.kr/pot/bbs/BD_selectBbs.do?q_bbsSn=1001&q_bbsDocNo=20200629663564877&q_clsfNo=0
317,2020년도 C형간염 지침,2020.03.10,2717,20200310245616631,https://dportal.kdca.go.kr/pot/bbs/BD_selectBbs.do?q_bbsSn=1001&q_bbsDocNo=20200310245616631&q_clsfNo=0
316,2020년도 수막구균 감염증 관리지침,2020.02.13,1428,20200213816378464,https://dportal.kdca.go.kr/pot/bbs/BD_selectBbs.do?q_bbsSn=1001&q_bbsDocNo=20200213816378464&q_clsfNo=0
315,2020년도 호흡기감염병 관리지침,2020.02.13,5189,20200213599781867,https://dportal.kdca.go.kr/pot/bbs/BD_selectBbs.do?q_bbsSn=1001&q_bbsDocNo=20200213599781867&q_clsfNo=0
314,2020년도 감염병관리사업지침(한글파일),2020.02.04,36421,20200204497755441,https://dportal.kdca.go.kr/pot/bbs/BD_selectBbs.do?q_bbsSn=1001&q_bbsDocNo=20200204497755441&q_clsfNo=0
313,2020년도 수인성 및 식품매개감염병 관리지침,2020.01.21,2844,20200121324417825,https://dportal.kdca.go.kr/pot/bbs/BD_selectBbs.do?q_bbsSn=1001&q_bbsDocNo=20200121324417825&q_clsfNo=0
312,2020년도 성매개감염병관리지침,2020.01.13,1637,20200113507258630,https://dportal.kdca.go.kr/pot/bbs/BD_selectBbs.do?q_bbsSn=1001&q_bbsDocNo=20200113507258630&q_clsfNo=0
311,2020년 엔테로 바이러스 수족구병 관리지침,2020.01.09,1364,20200109480038851,https://dportal.kdca.go.kr/pot/bbs/BD_selectBbs.do?q_bbsSn=1001&q_bbsDocNo=20200109480038851&q_clsfNo=0
310,2020년도 국가결핵관리지침,2020.01.08,1619,20200108438111177,https://dportal.kdca.go.kr/pot/bbs/BD_selectBbs.do?q_bbsSn=1001&q_bbsDocNo=20200108438111177&q_clsfNo=0
309,2020 예방접종 대상 감염병 관리지침,2020.01.06,1949,20200106580946490,https://dportal.kdca.go.kr/pot/bbs/BD_selectBbs.do?q_bbsSn=1001&q_bbsDocNo=20200106580946490&q_clsfNo=0
308,2020년도 감염병관리사업지침(PDF),2019.12.31,18349,20191231615573360,https://dportal.kdca.go.kr/pot/bbs/BD_selectBbs.do?q_bbsSn=1001&q_bbsDocNo=20191231615573360&q_clsfNo=0
307,2020 법정감염병 진단·신고 기준,2019.12.31,2116,20191231037581533,https://dportal.kdca.go.kr/pot/bbs/BD_selectBbs.do?q_bbsSn=1001&q_bbsDocNo=20191231037581533&q_clsfNo=0
306,2019년도 인플루엔자 관리 매뉴얼(어린이집 유치원 학교용),2019.12.30,730,20191230917619275,https://dportal.kdca.go.kr/pot/bbs/BD_selectBbs.do?q_bbsSn=1001&q_bbsDocNo=20191230917619275&q_clsfNo=0
305,2019년도 인플루엔자 관리 매뉴얼(요양시설용),2019.12.30,511,20191230784420159,https://dportal.kdca.go.kr/pot/bbs/BD_selectBbs.do?q_bbsSn=1001&q_bbsDocNo=20191230784420159&q_clsfNo=0
304,2019-2020절기 인플루엔자 관리지침,2019.12.30,1149,20191230422465810,https://dportal.kdca.go.kr/pot/bbs/BD_selectBbs.do?q_bbsSn=1001&q_bbsDocNo=20191230422465810&q_clsfNo=0
303,법정감염병 분류체계 및 신고범위 공유,2019.12.05,1114,20191205358002517,https://dportal.kdca.go.kr/pot/bbs/BD_selectBbs.do?q_bbsSn=1001&q_bbsDocNo=20191205358002517&q_clsfNo=0
302,2020년도 분류체계 개편에 따른 신고서식 공유,2019.12.03,816,20191203564184774,https://dportal.kdca.go.kr/pot/bbs/BD_selectBbs.do?q_bbsSn=1001&q_bbsDocNo=20191203564184774&q_clsfNo=0
301,2019 예방접종 대상 감염병 관리 지침,2019.09.30,810,20190930509560426,https://dportal.kdca.go.kr/pot/bbs/BD_selectBbs.do?q_bbsSn=1001&q_bbsDocNo=20190930509560426&q_clsfNo=0
300,2019년도 국가결핵관리지침,2019.09.23,537,20190923883089630,https://dportal.kdca.go.kr/pot/bbs/BD_selectBbs.do?q_bbsSn=1001&q_bbsDocNo=20190923883089630&q_clsfNo=0
299,"2019년도 의료관련감염병(VRSA, CRE) 관리지침",2019.09.16,2713,20190916343926750,https://dportal.kdca.go.kr/pot/bbs/BD_selectBbs.do?q_bbsSn=1001&q_bbsDocNo=20190916343926750&q_clsfNo=0
298,2019년도 수인성 및 식품매개감염병 관리지침,2019.09.09,697,20190909455437565,https://dportal.kdca.go.kr/pot/bbs/BD_selectBbs.do?q_bbsSn=1001&q_bbsDocNo=20190909455437565&q_clsfNo=0
297,2019년도 감염병관리사업지침(서식),2019.08.23,5454,20190823838401119,https://dportal.kdca.go.kr/pot/bbs/BD_selectBbs.do?q_bbsSn=1001&q_bbsDocNo=20190823838401119&q_clsfNo=0
296,2019년도 급성호흡기감염증 관리지침,2019.08.13,1004,20190813189365736,https://dportal.kdca.go.kr/pot/bbs/BD_selectBbs.do?q_bbsSn=1001&q_bbsDocNo=20190813189365736&q_clsfNo=0
295,2019년도 바이러스성출혈열 대응지침,2019.07.24,732,20190724136191069,https://dportal.kdca.go.kr/pot/bbs/BD_selectBbs.do?q_bbsSn=1001&q_bbsDocNo=20190724136191069&q_clsfNo=0
294,2019년 레지오넬라증관리지침,2019.07.12,618,20190712961070144,https://dportal.kdca.go.kr/pot/bbs/BD_selectBbs.do?q_bbsSn=1001&q_bbsDocNo=20190712961070144&q_clsfNo=0
293,2019년도 감염병관리사업지침,2019.07.09,5396,20190709296883522,https://dportal.kdca.go.kr/pot/bbs/BD_selectBbs.do?q_bbsSn=1001&q_bbsDocNo=20190709296883522&q_clsfNo=0
292,2019년도 진드기 매개감염병 관리지침,2019.05.23,1057,20190523831518875,https://dportal.kdca.go.kr/pot/bbs/BD_selectBbs.do?q_bbsSn=1001&q_bbsDocNo=20190523831518875&q_clsfNo=0
291,2019년도 바이러스성 모기매개 관리지침,2019.05.23,625,20190523772566325,https://dportal.kdca.go.kr/pot/bbs/BD_selectBbs.do?q_bbsSn=1001&q_bbsDocNo=20190523772566325&q_clsfNo=0
290,2019년도 기생충감염병 관리지침,2019.05.23,703,20190523288907898,https://dportal.kdca.go.kr/pot/bbs/BD_selectBbs.do?q_bbsSn=1001&q_bbsDocNo=20190523288907898&q_clsfNo=0
289,2019년도 설치류 매개 감염병 관리지침,2019.05.07,495,20190507659676083,https://dportal.kdca.go.kr/pot/bbs/BD_selectBbs.do?q_bbsSn=1001&q_bbsDocNo=20190507659676083&q_clsfNo=0
288,2019년도 말라리아 관리지침,2019.05.07,3089,20190507539472061,https://dportal.kdca.go.kr/pot/bbs/BD_selectBbs.do?q_bbsSn=1001&q_bbsDocNo=20190507539472061&q_clsfNo=0
287,2019년도 크로이츠펠트-야콥병 관리지침,2019.05.07,564,20190507236361480,https://dportal.kdca.go.kr/pot/bbs/BD_selectBbs.do?q_bbsSn=1001&q_bbsDocNo=20190507236361480&q_clsfNo=0
286,2019년 법정감염병 분류체계 및 신고범위,2019.05.03,1121,20190503205864456,https://dportal.kdca.go.kr/pot/bbs/BD_selectBbs.do?q_bbsSn=1001&q_bbsDocNo=20190503205864456&q_clsfNo=0
285,2019 법정감염병 진단·신고 기준,2019.05.03,1355,20190503069513957,https://dportal.kdca.go.kr/pot/bbs/BD_selectBbs.do?q_bbsSn=1001&q_bbsDocNo=20190503069513957&q_clsfNo=0
284,2019년 의료관련감염병 예방관리사업 지침,2019.03.21,1444,20190321505375122,https://dportal.kdca.go.kr/pot/bbs/BD_selectBbs.do?q_bbsSn=1001&q_bbsDocNo=20190321505375122&q_clsfNo=0
283,메르스 대응 지침,2019.03.21,1295,20190321444965780,https://dportal.kdca.go.kr/pot/bbs/BD_selectBbs.do?q_bbsSn=1001&q_bbsDocNo=20190321444965780&q_clsfNo=0
282,2019년도 국가예방접종사업 관리지침,2019.03.21,563,20190321295414041,https://dportal.kdca.go.kr/pot/bbs/BD_selectBbs.do?q_bbsSn=1001&q_bbsDocNo=20190321295414041&q_clsfNo=0
281,2000년 말라리아 관리지침,2019.03.13,180,20190313975880759,https://dportal.kdca.go.kr/pot/bbs/BD_selectBbs.do?q_bbsSn=1001&q_bbsDocNo=20190313975880759&q_clsfNo=0
280,2006년 말라리아 관리지침,2019.03.13,183,20190313711643557,https://dportal.kdca.go.kr/pot/bbs/BD_selectBbs.do?q_bbsSn=1001&q_bbsDocNo=20190313711643557&q_clsfNo=0
279,2005년 말라리아 관리지침,2019.03.13,172,20190313622767807,https://dportal.kdca.go.kr/pot/bbs/BD_selectBbs.do?q_bbsSn=1001&q_bbsDocNo=20190313622767807&q_clsfNo=0
278,1998년 말라리아 관리지침,2019.03.13,190,20190313579431368,https://dportal.kdca.go.kr/pot/bbs/BD_selectBbs.do?q_bbsSn=1001&q_bbsDocNo=20190313579431368&q_clsfNo=0
277,2002년 말라리아 관리지침,2019.03.13,173,20190313564801968,https://dportal.kdca.go.kr/pot/bbs/BD_selectBbs.do?q_bbsSn=1001&q_bbsDocNo=20190313564801968&q_clsfNo=0
276,2001년 말라리아 관리지침,2019.03.13,186,20190313498028377,https://dportal.kdca.go.kr/pot/bbs/BD_selectBbs.do?q_bbsSn=1001&q_bbsDocNo=20190313498028377&q_clsfNo=0
275,2004년 말라리아 관리지침,2019.03.13,168,20190313434648030,https://dportal.kdca.go.kr/pot/bbs/BD_selectBbs.do?q_bbsSn=1001&q_bbsDocNo=20190313434648030&q_clsfNo=0
274,2008년 말라리아 관리지침,2019.03.13,208,20190313430990805,https://dportal.kdca.go.kr/pot/bbs/BD_selectBbs.do?q_bbsSn=1001&q_bbsDocNo=20190313430990805&q_clsfNo=0
273,1999년 말라리아 관리지침,2019.03.13,166,20190313103940258,https://dportal.kdca.go.kr/pot/bbs/BD_selectBbs.do?q_bbsSn=1001&q_bbsDocNo=20190313103940258&q_clsfNo=0
272,2007년 말라리아 관리지침,2019.03.13,178,20190313079247523,https://dportal.kdca.go.kr/pot/bbs/BD_selectBbs.do?q_bbsSn=1001&q_bbsDocNo=20190313079247523&q_clsfNo=0
271,2018년 주요 감염병 매개모기 방제지침,2019.02.01,873,20190201037695521,https://dportal.kdca.go.kr/pot/bbs/BD_selectBbs.do?q_bbsSn=1001&q_bbsDocNo=20190201037695521&q_clsfNo=0
270,2019년 검역업무지침,2019.01.14,3444,20190114951805117,https://dportal.kdca.go.kr/pot/bbs/BD_selectBbs.do?q_bbsSn=1001&q_bbsDocNo=20190114951805117&q_clsfNo=0
269,2018년 감염성물질 안전수송 지침(2018),2019.01.10,421,20190110425336855,https://dportal.kdca.go.kr/pot/bbs/BD_selectBbs.do?q_bbsSn=1001&q_bbsDocNo=20190110425336855&q_clsfNo=0
268,공중보건 위험소통 표준운영절차(SOP),2018.12.21,1248,20181221730745249,https://dportal.kdca.go.kr/pot/bbs/BD_selectBbs.do?q_bbsSn=1001&q_bbsDocNo=20181221730745249&q_clsfNo=0
267,성인 예방접종 안내서,2018.12.21,814,20181221539342241,https://dportal.kdca.go.kr/pot/bbs/BD_selectBbs.do?q_bbsSn=1001&q_bbsDocNo=20181221539342241&q_clsfNo=0
266,결핵검사지침II,2018.12.13,578,20181213086056824,https://dportal.kdca.go.kr/pot/bbs/BD_selectBbs.do?q_bbsSn=1001&q_bbsDocNo=20181213086056824&q_clsfNo=0
265,2017-2018절기 인플루엔자 국가예방접종 지원사업 관리지침_보건소용,2018.11.28,1958,20181128554416726,https://dportal.kdca.go.kr/pot/bbs/BD_selectBbs.do?q_bbsSn=1001&q_bbsDocNo=20181128554416726&q_clsfNo=0
264,2014년 검역업무지침,2018.10.10,339,20181010843640538,https://dportal.kdca.go.kr/pot/bbs/BD_selectBbs.do?q_bbsSn=1001&q_bbsDocNo=20181010843640538&q_clsfNo=0
263,2017년 검역업무지침,2018.10.10,445,20181010233346888,https://dportal.kdca.go.kr/pot/bbs/BD_selectBbs.do?q_bbsSn=1001&q_bbsDocNo=20181010233346888&q_clsfNo=0
262,2018년 생물테러감염병 대비 및 대응지침,2018.10.04,518,20181004769760956,https://dportal.kdca.go.kr/pot/bbs/BD_selectBbs.do?q_bbsSn=1001&q_bbsDocNo=20181004769760956&q_clsfNo=0
261,2018년 공수병 관리지침,2018.09.27,435,20180927756905352,https://dportal.kdca.go.kr/pot/bbs/BD_selectBbs.do?q_bbsSn=1001&q_bbsDocNo=20180927756905352&q_clsfNo=0
260,2018년 크로이츠펠트-야콥병(CJD) 안내서,2018.09.27,449,20180927741448002,https://dportal.kdca.go.kr/pot/bbs/BD_selectBbs.do?q_bbsSn=1001&q_bbsDocNo=20180927741448002&q_clsfNo=0
259,2018년 브루셀라증 관리지침,2018.09.27,386,20180927509624482,https://dportal.kdca.go.kr/pot/bbs/BD_selectBbs.do?q_bbsSn=1001&q_bbsDocNo=20180927509624482&q_clsfNo=0
248,"2014년 생물안전3,4연구시설검증기술서",2018.08.22,290,20180822765506522,https://dportal.kdca.go.kr/pot/bbs/BD_selectBbs.do?q_bbsSn=1001&q_bbsDocNo=20180822765506522&q_clsfNo=0
247,2017년 수막구균성수막염 관리지침,2018.08.22,170,20180822752686043,https://dportal.kdca.go.kr/pot/bbs/BD_selectBbs.do?q_bbsSn=1001&q_bbsDocNo=20180822752686043&q_clsfNo=0
246,2018년 국가관리대상 병원체,2018.08.22,400,20180822666820814,https://dportal.kdca.go.kr/pot/bbs/BD_selectBbs.do?q_bbsSn=1001&q_bbsDocNo=20180822666820814&q_clsfNo=0
245,2011년 성매개감염 진료지침,2018.08.22,210,20180822561232125,https://dportal.kdca.go.kr/pot/bbs/BD_selectBbs.do?q_bbsSn=1001&q_bbsDocNo=20180822561232125&q_clsfNo=0
244,2017년 설치류 매개감염병 관리지침,2018.08.22,168,20180822521297315,https://dportal.kdca.go.kr/pot/bbs/BD_selectBbs.do?q_bbsSn=1001&q_bbsDocNo=20180822521297315&q_clsfNo=0
243,2002년 성병관리지침,2018.08.22,141,20180822473835343,https://dportal.kdca.go.kr/pot/bbs/BD_selectBbs.do?q_bbsSn=1001&q_bbsDocNo=20180822473835343&q_clsfNo=0
242,2012년 인플루엔자 표본감시 안내,2018.08.22,183,20180822414831511,https://dportal.kdca.go.kr/pot/bbs/BD_selectBbs.do?q_bbsSn=1001&q_bbsDocNo=20180822414831511&q_clsfNo=0
241,2017년 안과 감염병 관리 지침,2018.08.22,194,20180822405831213,https://dportal.kdca.go.kr/pot/bbs/BD_selectBbs.do?q_bbsSn=1001&q_bbsDocNo=20180822405831213&q_clsfNo=0
240,2015년 백일해통합관리지침,2018.08.22,1528,20180822324267988,https://dportal.kdca.go.kr/pot/bbs/BD_selectBbs.do?q_bbsSn=1001&q_bbsDocNo=20180822324267988&q_clsfNo=0
239,2012년 성매개감염병 관리지침,2018.08.22,152,20180822262582329,https://dportal.kdca.go.kr/pot/bbs/BD_selectBbs.do?q_bbsSn=1001&q_bbsDocNo=20180822262582329&q_clsfNo=0
238,"2011년 감염병 감시,보고 지침",2018.08.22,196,20180822135026460,https://dportal.kdca.go.kr/pot/bbs/BD_selectBbs.do?q_bbsSn=1001&q_bbsDocNo=20180822135026460&q_clsfNo=0
237,2018년도 감염병관리사업지침,2018.08.17,9591,20180817631606932,https://dportal.kdca.go.kr/pot/bbs/BD_selectBbs.do?q_bbsSn=1001&q_bbsDocNo=20180817631606932&q_clsfNo=0
236,2015년 메르스 백서 본책_요약본,2018.07.30,327,20180730882928605,https://dportal.kdca.go.kr/pot/bbs/BD_selectBbs.do?q_bbsSn=1001&q_bbsDocNo=20180730882928605&q_clsfNo=0
235,2018년 풍수해 대비 감염병관리 매뉴얼,2018.07.23,217,20180723468217704,https://dportal.kdca.go.kr/pot/bbs/BD_selectBbs.do?q_bbsSn=1001&q_bbsDocNo=20180723468217704&q_clsfNo=0
234,2018년 설치류 매개감염병 관리지침,2018.07.23,185,20180723129769452,https://dportal.kdca.go.kr/pot/bbs/BD_selectBbs.do?q_bbsSn=1001&q_bbsDocNo=20180723129769452&q_clsfNo=0
233,2018년 진드기 매개감염병 관리지침,2018.07.23,329,20180723064616252,https://dportal.kdca.go.kr/pot/bbs/BD_selectBbs.do?q_bbsSn=1001&q_bbsDocNo=20180723064616252&q_clsfNo=0
232,2014년 한센사업지침,2018.07.16,170,20180716997922253,https://dportal.kdca.go.kr/pot/bbs/BD_selectBbs.do?q_bbsSn=1001&q_bbsDocNo=20180716997922253&q_clsfNo=0
231,2017년 의료관련감염 표준예방지침,2018.07.16,1198,20180716971366674,https://dportal.kdca.go.kr/pot/bbs/BD_selectBbs.do?q_bbsSn=1001&q_bbsDocNo=20180716971366674&q_clsfNo=0
230,2014년 고위험병원체안전관리지침(2014-178호),2018.07.16,128,20180716969559749,https://dportal.kdca.go.kr/pot/bbs/BD_selectBbs.do?q_bbsSn=1001&q_bbsDocNo=20180716969559749&q_clsfNo=0
229,2016년 수족구병지침,2018.07.16,218,20180716963872432,https://dportal.kdca.go.kr/pot/bbs/BD_selectBbs.do?q_bbsSn=1001&q_bbsDocNo=20180716963872432&q_clsfNo=0
228,2016년 크로이츠펠트-야콥병(CJD) 관리지침,2018.07.16,143,20180716957625656,https://dportal.kdca.go.kr/pot/bbs/BD_selectBbs.do?q_bbsSn=1001&q_bbsDocNo=20180716957625656&q_clsfNo=0
227,2017년 예방접종대상감염병사업관리지침,2018.07.16,169,20180716951387663,https://dportal.kdca.go.kr/pot/bbs/BD_selectBbs.do?q_bbsSn=1001&q_bbsDocNo=20180716951387663&q_clsfNo=0
226,2016년 중증열성혈소판증후군  진료지침,2018.07.16,285,20180716950662647,https://dportal.kdca.go.kr/pot/bbs/BD_selectBbs.do?q_bbsSn=1001&q_bbsDocNo=20180716950662647&q_clsfNo=0
225,2017년 법정감염병 분류체계 및 신고범위,2018.07.16,174,20180716945297733,https://dportal.kdca.go.kr/pot/bbs/BD_selectBbs.do?q_bbsSn=1001&q_bbsDocNo=20180716945297733&q_clsfNo=0
224,2017년 C형간염 관리지침_전자용,2018.07.16,232,20180716944710754,https://dportal.kdca.go.kr/pot/bbs/BD_selectBbs.do?q_bbsSn=1001&q_bbsDocNo=20180716944710754&q_clsfNo=0
223,2017년 법정감염병 진단·신고 기준_최종,2018.07.16,273,20180716940275875,https://dportal.kdca.go.kr/pot/bbs/BD_selectBbs.do?q_bbsSn=1001&q_bbsDocNo=20180716940275875&q_clsfNo=0
222,2017년 표본감시감염병 신고안내,2018.07.16,178,20180716936246392,https://dportal.kdca.go.kr/pot/bbs/BD_selectBbs.do?q_bbsSn=1001&q_bbsDocNo=20180716936246392&q_clsfNo=0
221,"2018년 옴,머릿니 예방 및 관리 안내서",2018.07.16,1082,20180716933173588,https://dportal.kdca.go.kr/pot/bbs/BD_selectBbs.do?q_bbsSn=1001&q_bbsDocNo=20180716933173588&q_clsfNo=0
220,2017년 엔테로바이러스 수족구병 관리지침,2018.07.16,201,20180716932705536,https://dportal.kdca.go.kr/pot/bbs/BD_selectBbs.do?q_bbsSn=1001&q_bbsDocNo=20180716932705536&q_clsfNo=0
219,2017년 지카바이러스 감염증 진단검사지침,2018.07.16,272,20180716927594891,https://dportal.kdca.go.kr/pot/bbs/BD_selectBbs.do?q_bbsSn=1001&q_bbsDocNo=20180716927594891&q_clsfNo=0
208,2015년 진드기 및 설치류 매개 감염병 관리지침,2018.07.16,120,20180716818661056,https://dportal.kdca.go.kr/pot/bbs/BD_selectBbs.do?q_bbsSn=1001&q_bbsDocNo=20180716818661056&q_clsfNo=0
207,2016년 생물안전 1·2등급 연구시설 안전관리지침,2018.07.16,308,20180716814826988,https://dportal.kdca.go.kr/pot/bbs/BD_selectBbs.do?q_bbsSn=1001&q_bbsDocNo=20180716814826988&q_clsfNo=0
206,2014년 유전자재조합실험지침,2018.07.16,130,20180716793031074,https://dportal.kdca.go.kr/pot/bbs/BD_selectBbs.do?q_bbsSn=1001&q_bbsDocNo=20180716793031074&q_clsfNo=0
205,2016년 의료기관 결핵관리 안내,2018.07.16,141,20180716789948275,https://dportal.kdca.go.kr/pot/bbs/BD_selectBbs.do?q_bbsSn=1001&q_bbsDocNo=20180716789948275&q_clsfNo=0
204,2017년 결핵 진료지침 3판,2018.07.16,149,20180716772595949,https://dportal.kdca.go.kr/pot/bbs/BD_selectBbs.do?q_bbsSn=1001&q_bbsDocNo=20180716772595949&q_clsfNo=0
203,2014년 법정감염병 진단·신고 기준,2018.07.16,149,20180716765507796,https://dportal.kdca.go.kr/pot/bbs/BD_selectBbs.do?q_bbsSn=1001&q_bbsDocNo=20180716765507796&q_clsfNo=0
202,2016년 모기취급실험실생물안전가이드,2018.07.16,143,20180716755005954,https://dportal.kdca.go.kr/pot/bbs/BD_selectBbs.do?q_bbsSn=1001&q_bbsDocNo=20180716755005954&q_clsfNo=0
201,2014년 국립중앙인체자원은행 운영관리 규정,2018.07.16,131,20180716749013940,https://dportal.kdca.go.kr/pot/bbs/BD_selectBbs.do?q_bbsSn=1001&q_bbsDocNo=20180716749013940&q_clsfNo=0
200,2017년 한국생물안전안내서,2018.07.16,306,20180716745652061,https://dportal.kdca.go.kr/pot/bbs/BD_selectBbs.do?q_bbsSn=1001&q_bbsDocNo=20180716745652061&q_clsfNo=0
199,2018년 페스트 대응지침(제1판),2018.07.16,375,20180716745388800,https://dportal.kdca.go.kr/pot/bbs/BD_selectBbs.do?q_bbsSn=1001&q_bbsDocNo=20180716745388800&q_clsfNo=0
198,2017년 풍수해(태풍·호우)」감염병 대응 메뉴얼,2018.07.16,206,20180716738294578,https://dportal.kdca.go.kr/pot/bbs/BD_selectBbs.do?q_bbsSn=1001&q_bbsDocNo=20180716738294578&q_clsfNo=0
197,2018년 메르스(MERS) 대응 지침,2018.07.16,625,20180716730763772,https://dportal.kdca.go.kr/pot/bbs/BD_selectBbs.do?q_bbsSn=1001&q_bbsDocNo=20180716730763772&q_clsfNo=0
196,2016년 말라리아 관리지침,2018.07.16,105,20180716730170282,https://dportal.kdca.go.kr/pot/bbs/BD_selectBbs.do?q_bbsSn=1001&q_bbsDocNo=20180716730170282&q_clsfNo=0
195,2014년 생물안전 3등급 연구시설 안전관리지침,2018.07.16,136,20180716724219687,https://dportal.kdca.go.kr/pot/bbs/BD_selectBbs.do?q_bbsSn=1001&q_bbsDocNo=20180716724219687&q_clsfNo=0
194,2017년 한센사업지침-본문,2018.07.16,207,20180716704698159,https://dportal.kdca.go.kr/pot/bbs/BD_selectBbs.do?q_bbsSn=1001&q_bbsDocNo=20180716704698159&q_clsfNo=0
193,2016년 국립중앙인체자원은행 인체자원 분양지침」,2018.07.16,137,20180716688096025,https://dportal.kdca.go.kr/pot/bbs/BD_selectBbs.do?q_bbsSn=1001&q_bbsDocNo=20180716688096025&q_clsfNo=0
192,2018년 수인성및식품매개감염병관리지침,2018.07.16,550,20180716654144880,https://dportal.kdca.go.kr/pot/bbs/BD_selectBbs.do?q_bbsSn=1001&q_bbsDocNo=20180716654144880&q_clsfNo=0
191,2018년 말라리아 관리지침,2018.07.16,409,20180716642266187,https://dportal.kdca.go.kr/pot/bbs/BD_selectBbs.do?q_bbsSn=1001&q_bbsDocNo=20180716642266187&q_clsfNo=0
190,2016년 흰줄숲모기 유충방제 관리지침,2018.07.16,181,20180716624742521,https://dportal.kdca.go.kr/pot/bbs/BD_selectBbs.do?q_bbsSn=1001&q_bbsDocNo=20180716624742521&q_clsfNo=0
189,2014년 감염성물질 안전수송지침,2018.07.16,127,20180716622343574,https://dportal.kdca.go.kr/pot/bbs/BD_selectBbs.do?q_bbsSn=1001&q_bbsDocNo=20180716622343574&q_clsfNo=0
188,2014년 감염병의 진단기준고시(개정),2018.07.16,115,20180716614387682,https://dportal.kdca.go.kr/pot/bbs/BD_selectBbs.do?q_bbsSn=1001&q_bbsDocNo=20180716614387682&q_clsfNo=0
187,2016년 국가결핵관리지침,2018.07.16,106,20180716614387203,https://dportal.kdca.go.kr/pot/bbs/BD_selectBbs.do?q_bbsSn=1001&q_bbsDocNo=20180716614387203&q_clsfNo=0
186,2017년 인플루엔자 관리 가이드라인_어린이집 유치원 학교용,2018.07.16,2607,20180716611119896,https://dportal.kdca.go.kr/pot/bbs/BD_selectBbs.do?q_bbsSn=1001&q_bbsDocNo=20180716611119896&q_clsfNo=0
185,2017년 법정감염병 실험실검사 의뢰기관,2018.07.16,266,20180716608541400,https://dportal.kdca.go.kr/pot/bbs/BD_selectBbs.do?q_bbsSn=1001&q_bbsDocNo=20180716608541400&q_clsfNo=0
184,2017년 산후조리원 감염병 관리지침,2018.07.16,213,20180716600040265,https://dportal.kdca.go.kr/pot/bbs/BD_selectBbs.do?q_bbsSn=1001&q_bbsDocNo=20180716600040265&q_clsfNo=0
183,2015년 생물안전 C2등급 안전관리 지침,2018.07.16,143,20180716598451924,https://dportal.kdca.go.kr/pot/bbs/BD_selectBbs.do?q_bbsSn=1001&q_bbsDocNo=20180716598451924&q_clsfNo=0
182,2016년 소아상기도감염항생제지침,2018.07.16,197,20180716595474284,https://dportal.kdca.go.kr/pot/bbs/BD_selectBbs.do?q_bbsSn=1001&q_bbsDocNo=20180716595474284&q_clsfNo=0
181,2018년 성매개감염병관리지침(개정안),2018.07.16,397,20180716593869266,https://dportal.kdca.go.kr/pot/bbs/BD_selectBbs.do?q_bbsSn=1001&q_bbsDocNo=20180716593869266&q_clsfNo=0
180,2014년 안과감염병 표본감시지침,2018.07.16,118,20180716573775481,https://dportal.kdca.go.kr/pot/bbs/BD_selectBbs.do?q_bbsSn=1001&q_bbsDocNo=20180716573775481&q_clsfNo=0
179,2017년 수인성 및 식품매개감염병관리지침,2018.07.16,182,20180716557528894,https://dportal.kdca.go.kr/pot/bbs/BD_selectBbs.do?q_bbsSn=1001&q_bbsDocNo=20180716557528894&q_clsfNo=0
178,2016년 의료관련감염병관리지침,2018.07.16,245,20180716556741161,https://dportal.kdca.go.kr/pot/bbs/BD_selectBbs.do?q_bbsSn=1001&q_bbsDocNo=20180716556741161&q_clsfNo=0
177,2016년 진드기매개 감염병 관리지침,2018.07.16,124,20180716554874241,https://dportal.kdca.go.kr/pot/bbs/BD_selectBbs.do?q_bbsSn=1001&q_bbsDocNo=20180716554874241&q_clsfNo=0
176,2018년 성홍열 관리지침,2018.07.16,600,20180716554798814,https://dportal.kdca.go.kr/pot/bbs/BD_selectBbs.do?q_bbsSn=1001&q_bbsDocNo=20180716554798814&q_clsfNo=0
175,2015년 인체유래물은행 표준운영지침,2018.07.16,189,20180716543069453,https://dportal.kdca.go.kr/pot/bbs/BD_selectBbs.do?q_bbsSn=1001&q_bbsDocNo=20180716543069453&q_clsfNo=0
174,"2018년 의료관련감염병(VRSA,CRE) 관리지침",2018.07.16,721,20180716542576822,https://dportal.kdca.go.kr/pot/bbs/BD_selectBbs.do?q_bbsSn=1001&q_bbsDocNo=20180716542576822&q_clsfNo=0
173,2014년 엔테로바이러스감염증 표본감시 안내 지침,2018.07.16,122,20180716538520293,https://dportal.kdca.go.kr/pot/bbs/BD_selectBbs.do?q_bbsSn=1001&q_bbsDocNo=20180716538520293&q_clsfNo=0
172,2017년 큐열 관리지침,2018.07.16,175,20180716532417122,https://dportal.kdca.go.kr/pot/bbs/BD_selectBbs.do?q_bbsSn=1001&q_bbsDocNo=20180716532417122&q_clsfNo=0
171,2018년 예방접종 대상 감염병 관리 지침,2018.07.16,430,20180716523777107,https://dportal.kdca.go.kr/pot/bbs/BD_selectBbs.do?q_bbsSn=1001&q_bbsDocNo=20180716523777107&q_clsfNo=0
170,2017년 성홍열 집단발생보고 결과보고 양식,2018.07.16,157,20180716519199302,https://dportal.kdca.go.kr/pot/bbs/BD_selectBbs.do?q_bbsSn=1001&q_bbsDocNo=20180716519199302&q_clsfNo=0
169,2018년 엔테로 바이러스 수족구병 관리지침,2018.07.16,370,20180716517349531,https://dportal.kdca.go.kr/pot/bbs/BD_selectBbs.do?q_bbsSn=1001&q_bbsDocNo=20180716517349531&q_clsfNo=0
168,2017년 요양시설 인플루엔자 관리 가이드라인,2018.07.16,1782,20180716502524314,https://dportal.kdca.go.kr/pot/bbs/BD_selectBbs.do?q_bbsSn=1001&q_bbsDocNo=20180716502524314&q_clsfNo=0
167,2016년 법정감염병 진단·신고 기준,2018.07.16,116,20180716487536637,https://dportal.kdca.go.kr/pot/bbs/BD_selectBbs.do?q_bbsSn=1001&q_bbsDocNo=20180716487536637&q_clsfNo=0
166,2017년 (제7판)에볼라바이러스병 대응지침,2018.07.16,220,20180716460657497,https://dportal.kdca.go.kr/pot/bbs/BD_selectBbs.do?q_bbsSn=1001&q_bbsDocNo=20180716460657497&q_clsfNo=0
165,2016년 브루셀라증 관리지침,2018.07.16,99,20180716447833417,https://dportal.kdca.go.kr/pot/bbs/BD_selectBbs.do?q_bbsSn=1001&q_bbsDocNo=20180716447833417&q_clsfNo=0
164,2017년 공중보건 위기대응 소통안내서,2018.07.16,232,20180716441715440,https://dportal.kdca.go.kr/pot/bbs/BD_selectBbs.do?q_bbsSn=1001&q_bbsDocNo=20180716441715440&q_clsfNo=0
163,2018년 안과 감염병 관리 지침,2018.07.16,293,20180716440068634,https://dportal.kdca.go.kr/pot/bbs/BD_selectBbs.do?q_bbsSn=1001&q_bbsDocNo=20180716440068634&q_clsfNo=0
162,2016년 라싸열 대응지침,2018.07.16,106,20180716428684310,https://dportal.kdca.go.kr/pot/bbs/BD_selectBbs.do?q_bbsSn=1001&q_bbsDocNo=20180716428684310&q_clsfNo=0
161,2016년 유비저관리지침_최종,2018.07.16,86,20180716393798622,https://dportal.kdca.go.kr/pot/bbs/BD_selectBbs.do?q_bbsSn=1001&q_bbsDocNo=20180716393798622&q_clsfNo=0
160,2016년 조류인플루엔자 인체감염 예방 및 관리지침,2018.07.16,126,20180716378346524,https://dportal.kdca.go.kr/pot/bbs/BD_selectBbs.do?q_bbsSn=1001&q_bbsDocNo=20180716378346524&q_clsfNo=0
159,2014년 결핵진료지침,2018.07.16,77,20180716368106593,https://dportal.kdca.go.kr/pot/bbs/BD_selectBbs.do?q_bbsSn=1001&q_bbsDocNo=20180716368106593&q_clsfNo=0
158,2018년 국가결핵관리지침,2018.07.16,369,20180716363576220,https://dportal.kdca.go.kr/pot/bbs/BD_selectBbs.do?q_bbsSn=1001&q_bbsDocNo=20180716363576220&q_clsfNo=0
157,2018년 급성호흡기감염증 관리지침,2018.07.16,293,20180716345021186,https://dportal.kdca.go.kr/pot/bbs/BD_selectBbs.do?q_bbsSn=1001&q_bbsDocNo=20180716345021186&q_clsfNo=0
156,2016년 레지오넬라증관리지침,2018.07.16,91,20180716338319585,https://dportal.kdca.go.kr/pot/bbs/BD_selectBbs.do?q_bbsSn=1001&q_bbsDocNo=20180716338319585&q_clsfNo=0
155,2016년 고위험병원체취급및보존안전관리 가이드,2018.07.16,128,20180716335040533,https://dportal.kdca.go.kr/pot/bbs/BD_selectBbs.do?q_bbsSn=1001&q_bbsDocNo=20180716335040533&q_clsfNo=0
154,2017년 조류인플루엔자 인체감염 예방 및 관리지침,2018.07.16,286,20180716331147571,https://dportal.kdca.go.kr/pot/bbs/BD_selectBbs.do?q_bbsSn=1001&q_bbsDocNo=20180716331147571&q_clsfNo=0
153,2018년 법정감염병 진단검사 통합지침,2018.07.16,2723,20180716329596029,https://dportal.kdca.go.kr/pot/bbs/BD_selectBbs.do?q_bbsSn=1001&q_bbsDocNo=20180716329596029&q_clsfNo=0
152,2016년 병원체검사결과 신고,2018.07.16,112,20180716329584602,https://dportal.kdca.go.kr/pot/bbs/BD_selectBbs.do?q_bbsSn=1001&q_bbsDocNo=20180716329584602&q_clsfNo=0
151,2014년 급성호흡기감염증 표본감시 안내 지침,2018.07.16,103,20180716327304255,https://dportal.kdca.go.kr/pot/bbs/BD_selectBbs.do?q_bbsSn=1001&q_bbsDocNo=20180716327304255&q_clsfNo=0
150,2016년 메르스(MERS) 대응 지침,2018.07.16,134,20180716315640614,https://dportal.kdca.go.kr/pot/bbs/BD_selectBbs.do?q_bbsSn=1001&q_bbsDocNo=20180716315640614&q_clsfNo=0
149,2014년 장관감염증_표본감시_안내 지침,2018.07.16,294,20180716313338013,https://dportal.kdca.go.kr/pot/bbs/BD_selectBbs.do?q_bbsSn=1001&q_bbsDocNo=20180716313338013&q_clsfNo=0
148,2017년 유전자재조합실험지침_일부개정,2018.07.16,228,20180716299788378,https://dportal.kdca.go.kr/pot/bbs/BD_selectBbs.do?q_bbsSn=1001&q_bbsDocNo=20180716299788378&q_clsfNo=0
147,2016년 바이러스성 모기매개 감염병 관리지침,2018.07.16,72,20180716262225124,https://dportal.kdca.go.kr/pot/bbs/BD_selectBbs.do?q_bbsSn=1001&q_bbsDocNo=20180716262225124&q_clsfNo=0
146,2017년 유비저 관리지침,2018.07.16,171,20180716258335893,https://dportal.kdca.go.kr/pot/bbs/BD_selectBbs.do?q_bbsSn=1001&q_bbsDocNo=20180716258335893&q_clsfNo=0
145,2017년 공수병 관리지침,2018.07.16,127,20180716250193298,https://dportal.kdca.go.kr/pot/bbs/BD_selectBbs.do?q_bbsSn=1001&q_bbsDocNo=20180716250193298&q_clsfNo=0
144,2015년 해외여행을 위한 말라리아 예방지침 개정(안),2018.07.16,89,20180716244644092,https://dportal.kdca.go.kr/pot/bbs/BD_selectBbs.do?q_bbsSn=1001&q_bbsDocNo=20180716244644092&q_clsfNo=0
143,2016년 설치류매개감염병관리지침,2018.07.16,81,20180716240374578,https://dportal.kdca.go.kr/pot/bbs/BD_selectBbs.do?q_bbsSn=1001&q_bbsDocNo=20180716240374578&q_clsfNo=0
142,2015년 공수병 예방관리 지침,2018.07.16,73,20180716238815426,https://dportal.kdca.go.kr/pot/bbs/BD_selectBbs.do?q_bbsSn=1001&q_bbsDocNo=20180716238815426&q_clsfNo=0
141,2017년 말라리아관리지침,2018.07.16,86,20180716237996855,https://dportal.kdca.go.kr/pot/bbs/BD_selectBbs.do?q_bbsSn=1001&q_bbsDocNo=20180716237996855&q_clsfNo=0
140,2014년 해외여행을 위한 말라리아 예방지침,2018.07.16,130,20180716231104546,https://dportal.kdca.go.kr/pot/bbs/BD_selectBbs.do?q_bbsSn=1001&q_bbsDocNo=20180716231104546&q_clsfNo=0
139,2014년 인플루엔자 및 수족구병 표본감시 안내 지침,2018.07.16,92,20180716222728036,https://dportal.kdca.go.kr/pot/bbs/BD_selectBbs.do?q_bbsSn=1001&q_bbsDocNo=20180716222728036&q_clsfNo=0
138,2015년 고위험병원체 안전관리지침,2018.07.16,117,20180716222248701,https://dportal.kdca.go.kr/pot/bbs/BD_selectBbs.do?q_bbsSn=1001&q_bbsDocNo=20180716222248701&q_clsfNo=0
137,2017년 진드기 매개감염병 관리지침,2018.07.16,119,20180716221543212,https://dportal.kdca.go.kr/pot/bbs/BD_selectBbs.do?q_bbsSn=1001&q_bbsDocNo=20180716221543212&q_clsfNo=0
136,2016년 성매개감염진료지침,2018.07.16,125,20180716218569276,https://dportal.kdca.go.kr/pot/bbs/BD_selectBbs.do?q_bbsSn=1001&q_bbsDocNo=20180716218569276&q_clsfNo=0
135,"2015년 법정감염병 표본감시(급성,장관,엔테로) 신고지침",2018.07.16,175,20180716214619867,https://dportal.kdca.go.kr/pot/bbs/BD_selectBbs.do?q_bbsSn=1001&q_bbsDocNo=20180716214619867&q_clsfNo=0
134,2016년 표본감시감염병 신고안내 지침,2018.07.16,107,20180716212295058,https://dportal.kdca.go.kr/pot/bbs/BD_selectBbs.do?q_bbsSn=1001&q_bbsDocNo=20180716212295058&q_clsfNo=0
133,2017년 바이러스성 모기매개감염병 관리지침,2018.07.16,94,20180716211912056,https://dportal.kdca.go.kr/pot/bbs/BD_selectBbs.do?q_bbsSn=1001&q_bbsDocNo=20180716211912056&q_clsfNo=0
132,2018년 요로 감염 항생제 사용지침,2018.07.16,538,20180716192127001,https://dportal.kdca.go.kr/pot/bbs/BD_selectBbs.do?q_bbsSn=1001&q_bbsDocNo=20180716192127001&q_clsfNo=0
131,2016년 수인성및식품매개질환관리지침,2018.07.16,108,20180716176418281,https://dportal.kdca.go.kr/pot/bbs/BD_selectBbs.do?q_bbsSn=1001&q_bbsDocNo=20180716176418281&q_clsfNo=0
130,2016년 공중보건 위기소통 지침,2018.07.16,109,20180716170702677,https://dportal.kdca.go.kr/pot/bbs/BD_selectBbs.do?q_bbsSn=1001&q_bbsDocNo=20180716170702677&q_clsfNo=0
129,2014년 진드기 및 설치류 지침,2018.07.16,143,20180716156865088,https://dportal.kdca.go.kr/pot/bbs/BD_selectBbs.do?q_bbsSn=1001&q_bbsDocNo=20180716156865088&q_clsfNo=0
128,2017년 국가결핵관리지침,2018.07.16,86,20180716141064588,https://dportal.kdca.go.kr/pot/bbs/BD_selectBbs.do?q_bbsSn=1001&q_bbsDocNo=20180716141064588&q_clsfNo=0
127,2017년 메르스(MERS) 대응지침,2018.07.16,148,20180716115098166,https://dportal.kdca.go.kr/pot/bbs/BD_selectBbs.do?q_bbsSn=1001&q_bbsDocNo=20180716115098166&q_clsfNo=0
126,2017년 옴니머릿니예방및관리지침,2018.07.16,210,20180716106422531,https://dportal.kdca.go.kr/pot/bbs/BD_selectBbs.do?q_bbsSn=1001&q_bbsDocNo=20180716106422531&q_clsfNo=0
125,2017년 인플루엔자 관리지침_최종,2018.07.16,218,20180716105452828,https://dportal.kdca.go.kr/pot/bbs/BD_selectBbs.do?q_bbsSn=1001&q_bbsDocNo=20180716105452828&q_clsfNo=0
124,2015년 국내 말라리아 관리지침,2018.07.16,82,20180716098209810,https://dportal.kdca.go.kr/pot/bbs/BD_selectBbs.do?q_bbsSn=1001&q_bbsDocNo=20180716098209810&q_clsfNo=0
123,2016년 C형간염관리지침,2018.07.16,102,20180716097735733,https://dportal.kdca.go.kr/pot/bbs/BD_selectBbs.do?q_bbsSn=1001&q_bbsDocNo=20180716097735733&q_clsfNo=0
122,2016년 실험실 생물안전지침,2018.07.16,119,20180716095662586,https://dportal.kdca.go.kr/pot/bbs/BD_selectBbs.do?q_bbsSn=1001&q_bbsDocNo=20180716095662586&q_clsfNo=0
121,2016년 동물이용 생물안전 3등급 연구시설 설치운영해설서,2018.07.16,124,20180716076871272,https://dportal.kdca.go.kr/pot/bbs/BD_selectBbs.do?q_bbsSn=1001&q_bbsDocNo=20180716076871272&q_clsfNo=0
120,"2018년 학교,유치원 어린이집 감염병 관리 안내서",2018.07.16,637,20180716062808071,https://dportal.kdca.go.kr/pot/bbs/BD_selectBbs.do?q_bbsSn=1001&q_bbsDocNo=20180716062808071&q_clsfNo=0
119,2016년 큐열 관리지침,2018.07.16,83,20180716055972107,https://dportal.kdca.go.kr/pot/bbs/BD_selectBbs.do?q_bbsSn=1001&q_bbsDocNo=20180716055972107&q_clsfNo=0
118,2016년 한센 사업지침,2018.07.16,79,20180716035682099,https://dportal.kdca.go.kr/pot/bbs/BD_selectBbs.do?q_bbsSn=1001&q_bbsDocNo=20180716035682099&q_clsfNo=0
117,"2017년 병원체생물안전정보집(제2,C3,C4위험군)",2018.07.16,222,20180716034329659,https://dportal.kdca.go.kr/pot/bbs/BD_selectBbs.do?q_bbsSn=1001&q_bbsDocNo=20180716034329659&q_clsfNo=0
116,2016년 공수병 관리지침,2018.07.16,79,20180716018016313,https://dportal.kdca.go.kr/pot/bbs/BD_selectBbs.do?q_bbsSn=1001&q_bbsDocNo=20180716018016313&q_clsfNo=0
115,2017년 피부연조직 감염 항생제 사용지침,2018.07.16,342,20180716011750442,https://dportal.kdca.go.kr/pot/bbs/BD_selectBbs.do?q_bbsSn=1001&q_bbsDocNo=20180716011750442&q_clsfNo=0
114,2017년 브루셀라증 관리지침,2018.07.16,136,20180716007826007,https://dportal.kdca.go.kr/pot/bbs/BD_selectBbs.do?q_bbsSn=1001&q_bbsDocNo=20180716007826007&q_clsfNo=0
113,2017년 가임기 여성 및 임산부 지카바이러스,2018.07.16,119,20180716004346906,https://dportal.kdca.go.kr/pot/bbs/BD_selectBbs.do?q_bbsSn=1001&q_bbsDocNo=20180716004346906&q_clsfNo=0
112,2013년 중증열성혈소판감소증후군 진단신고기준,2018.07.11,118,20180711951619773,https://dportal.kdca.go.kr/pot/bbs/BD_selectBbs.do?q_bbsSn=1001&q_bbsDocNo=20180711951619773&q_clsfNo=0
111,2013년 성매개감염병관리지침,2018.07.11,81,20180711945006398,https://dportal.kdca.go.kr/pot/bbs/BD_selectBbs.do?q_bbsSn=1001&q_bbsDocNo=20180711945006398&q_clsfNo=0
110,2012년 CJD 관리지침,2018.07.11,74,20180711917281039,https://dportal.kdca.go.kr/pot/bbs/BD_selectBbs.do?q_bbsSn=1001&q_bbsDocNo=20180711917281039&q_clsfNo=0
109,2013년 조류인플루엔자 A(H7N9) 인체감염증 예방 및 관리지침,2018.07.11,92,20180711670085928,https://dportal.kdca.go.kr/pot/bbs/BD_selectBbs.do?q_bbsSn=1001&q_bbsDocNo=20180711670085928&q_clsfNo=0
98,2003 급성호흡기관리지침(의료인용),2018.07.10,71,20180710940014547,https://dportal.kdca.go.kr/pot/bbs/BD_selectBbs.do?q_bbsSn=1001&q_bbsDocNo=20180710940014547&q_clsfNo=0
97,2011년 고위험병원체 취급 및 보존 안전관리 가이드,2018.07.10,76,20180710934020583,https://dportal.kdca.go.kr/pot/bbs/BD_selectBbs.do?q_bbsSn=1001&q_bbsDocNo=20180710934020583&q_clsfNo=0
96,2005년 비브리오패혈증 관리 지침,2018.07.10,222,20180710932165251,https://dportal.kdca.go.kr/pot/bbs/BD_selectBbs.do?q_bbsSn=1001&q_bbsDocNo=20180710932165251&q_clsfNo=0
95,2006년 결핵관리지침,2018.07.10,67,20180710925036066,https://dportal.kdca.go.kr/pot/bbs/BD_selectBbs.do?q_bbsSn=1001&q_bbsDocNo=20180710925036066&q_clsfNo=0
94,2012년 다제내성균_관리지침,2018.07.10,696,20180710923235405,https://dportal.kdca.go.kr/pot/bbs/BD_selectBbs.do?q_bbsSn=1001&q_bbsDocNo=20180710923235405&q_clsfNo=0
93,2009년 성병표본감시안내,2018.07.10,75,20180710913353180,https://dportal.kdca.go.kr/pot/bbs/BD_selectBbs.do?q_bbsSn=1001&q_bbsDocNo=20180710913353180&q_clsfNo=0
92,2007년 공수병지침,2018.07.10,62,20180710901975087,https://dportal.kdca.go.kr/pot/bbs/BD_selectBbs.do?q_bbsSn=1001&q_bbsDocNo=20180710901975087&q_clsfNo=0
91,2012년 레지오넬라 지침,2018.07.10,80,20180710893052948,https://dportal.kdca.go.kr/pot/bbs/BD_selectBbs.do?q_bbsSn=1001&q_bbsDocNo=20180710893052948&q_clsfNo=0
90,2011년 기생충감염증 표본감시 안내지침,2018.07.10,121,20180710882599846,https://dportal.kdca.go.kr/pot/bbs/BD_selectBbs.do?q_bbsSn=1001&q_bbsDocNo=20180710882599846&q_clsfNo=0
89,2011년 수족구병,2018.07.10,117,20180710875181666,https://dportal.kdca.go.kr/pot/bbs/BD_selectBbs.do?q_bbsSn=1001&q_bbsDocNo=20180710875181666&q_clsfNo=0
88,2011년 법정감염병 진단.신고기준,2018.07.10,106,20180710874818717,https://dportal.kdca.go.kr/pot/bbs/BD_selectBbs.do?q_bbsSn=1001&q_bbsDocNo=20180710874818717&q_clsfNo=0
87,2009년 말라리아 관리지침,2018.07.10,94,20180710868416586,https://dportal.kdca.go.kr/pot/bbs/BD_selectBbs.do?q_bbsSn=1001&q_bbsDocNo=20180710868416586&q_clsfNo=0
86,2011년 가을철 발열성질환 관리지침,2018.07.10,74,20180710842315473,https://dportal.kdca.go.kr/pot/bbs/BD_selectBbs.do?q_bbsSn=1001&q_bbsDocNo=20180710842315473&q_clsfNo=0
85,2011년 인플루엔자 표본감시지침,2018.07.10,72,20180710840614344,https://dportal.kdca.go.kr/pot/bbs/BD_selectBbs.do?q_bbsSn=1001&q_bbsDocNo=20180710840614344&q_clsfNo=0
84,2006년 CJD관리지침,2018.07.10,67,20180710818751299,https://dportal.kdca.go.kr/pot/bbs/BD_selectBbs.do?q_bbsSn=1001&q_bbsDocNo=20180710818751299&q_clsfNo=0
83,2007년 결핵관리지침,2018.07.10,67,20180710812827259,https://dportal.kdca.go.kr/pot/bbs/BD_selectBbs.do?q_bbsSn=1001&q_bbsDocNo=20180710812827259&q_clsfNo=0
82,2009년 전염병관리사업지침,2018.07.10,96,20180710812373596,https://dportal.kdca.go.kr/pot/bbs/BD_selectBbs.do?q_bbsSn=1001&q_bbsDocNo=20180710812373596&q_clsfNo=0
81,2003년 성병관리지침,2018.07.10,74,20180710808293527,https://dportal.kdca.go.kr/pot/bbs/BD_selectBbs.do?q_bbsSn=1001&q_bbsDocNo=20180710808293527&q_clsfNo=0
80,"2007년 살충, 살균, 구서를 위한 방역소독 지침",2018.07.10,204,20180710795660450,https://dportal.kdca.go.kr/pot/bbs/BD_selectBbs.do?q_bbsSn=1001&q_bbsDocNo=20180710795660450&q_clsfNo=0
79,2008년 CJD표본감시관리지침,2018.07.10,69,20180710793292402,https://dportal.kdca.go.kr/pot/bbs/BD_selectBbs.do?q_bbsSn=1001&q_bbsDocNo=20180710793292402&q_clsfNo=0
78,2002년 콜레라방역관리 지침,2018.07.10,195,20180710779201400,https://dportal.kdca.go.kr/pot/bbs/BD_selectBbs.do?q_bbsSn=1001&q_bbsDocNo=20180710779201400&q_clsfNo=0
77,2002년 전염병보고 및 관리지침,2018.07.10,76,20180710778697581,https://dportal.kdca.go.kr/pot/bbs/BD_selectBbs.do?q_bbsSn=1001&q_bbsDocNo=20180710778697581&q_clsfNo=0
76,2006년 홍역감시관리지침,2018.07.10,584,20180710771704408,https://dportal.kdca.go.kr/pot/bbs/BD_selectBbs.do?q_bbsSn=1001&q_bbsDocNo=20180710771704408&q_clsfNo=0
75,2003 인플루엔자표본감시운영지침,2018.07.10,75,20180710769593304,https://dportal.kdca.go.kr/pot/bbs/BD_selectBbs.do?q_bbsSn=1001&q_bbsDocNo=20180710769593304&q_clsfNo=0
74,2008년 결핵관리지침,2018.07.10,64,20180710741794971,https://dportal.kdca.go.kr/pot/bbs/BD_selectBbs.do?q_bbsSn=1001&q_bbsDocNo=20180710741794971&q_clsfNo=0
73,2002년 법정전염병진단기준,2018.07.10,94,20180710702157217,https://dportal.kdca.go.kr/pot/bbs/BD_selectBbs.do?q_bbsSn=1001&q_bbsDocNo=20180710702157217&q_clsfNo=0
72,2009년 법정전염병 진단·신고 기준,2018.07.10,127,20180710682264665,https://dportal.kdca.go.kr/pot/bbs/BD_selectBbs.do?q_bbsSn=1001&q_bbsDocNo=20180710682264665&q_clsfNo=0
71,2010년 성병관리지침,2018.07.10,93,20180710663009265,https://dportal.kdca.go.kr/pot/bbs/BD_selectBbs.do?q_bbsSn=1001&q_bbsDocNo=20180710663009265&q_clsfNo=0
70,2012년 법정감염병 진단·신고 기준,2018.07.10,91,20180710645276381,https://dportal.kdca.go.kr/pot/bbs/BD_selectBbs.do?q_bbsSn=1001&q_bbsDocNo=20180710645276381&q_clsfNo=0
69,2007년 한센사업지침,2018.07.10,66,20180710640157563,https://dportal.kdca.go.kr/pot/bbs/BD_selectBbs.do?q_bbsSn=1001&q_bbsDocNo=20180710640157563&q_clsfNo=0
58,2007년 성병관리지침,2018.07.10,62,20180710584113038,https://dportal.kdca.go.kr/pot/bbs/BD_selectBbs.do?q_bbsSn=1001&q_bbsDocNo=20180710584113038&q_clsfNo=0
57,2002년 수막구균성수막염 지침,2018.07.10,63,20180710566397522,https://dportal.kdca.go.kr/pot/bbs/BD_selectBbs.do?q_bbsSn=1001&q_bbsDocNo=20180710566397522&q_clsfNo=0
56,2006년 한센사업지침,2018.07.10,58,20180710559726393,https://dportal.kdca.go.kr/pot/bbs/BD_selectBbs.do?q_bbsSn=1001&q_bbsDocNo=20180710559726393&q_clsfNo=0
55,2003 웨스트나일바이러스감염증 관리지침,2018.07.10,69,20180710553604486,https://dportal.kdca.go.kr/pot/bbs/BD_selectBbs.do?q_bbsSn=1001&q_bbsDocNo=20180710553604486&q_clsfNo=0
54,2012년 브루셀라증 예방관리지침,2018.07.10,90,20180710551560225,https://dportal.kdca.go.kr/pot/bbs/BD_selectBbs.do?q_bbsSn=1001&q_bbsDocNo=20180710551560225&q_clsfNo=0
53,2006년 조류루엔자 인체감염예방및 관리지침,2018.07.10,61,20180710545930843,https://dportal.kdca.go.kr/pot/bbs/BD_selectBbs.do?q_bbsSn=1001&q_bbsDocNo=20180710545930843&q_clsfNo=0
52,2010년 조류인플루엔자_인체감염예방 및_관리 지침,2018.07.10,98,20180710545519746,https://dportal.kdca.go.kr/pot/bbs/BD_selectBbs.do?q_bbsSn=1001&q_bbsDocNo=20180710545519746&q_clsfNo=0
51,2012년 말라리아 관리 지침,2018.07.10,79,20180710531314940,https://dportal.kdca.go.kr/pot/bbs/BD_selectBbs.do?q_bbsSn=1001&q_bbsDocNo=20180710531314940&q_clsfNo=0
50,2005년 결핵관리지침,2018.07.10,71,20180710528073288,https://dportal.kdca.go.kr/pot/bbs/BD_selectBbs.do?q_bbsSn=1001&q_bbsDocNo=20180710528073288&q_clsfNo=0
49,2003년 결핵관리지침,2018.07.10,67,20180710520674153,https://dportal.kdca.go.kr/pot/bbs/BD_selectBbs.do?q_bbsSn=1001&q_bbsDocNo=20180710520674153&q_clsfNo=0
48,2012년 라임병 관리 지침,2018.07.10,235,20180710511145542,https://dportal.kdca.go.kr/pot/bbs/BD_selectBbs.do?q_bbsSn=1001&q_bbsDocNo=20180710511145542&q_clsfNo=0
47,2009년 바이러스성간염 표본감시 지침,2018.07.10,213,20180710495627121,https://dportal.kdca.go.kr/pot/bbs/BD_selectBbs.do?q_bbsSn=1001&q_bbsDocNo=20180710495627121&q_clsfNo=0
46,2010년 전염병관리사업지침,2018.07.10,130,20180710473453925,https://dportal.kdca.go.kr/pot/bbs/BD_selectBbs.do?q_bbsSn=1001&q_bbsDocNo=20180710473453925&q_clsfNo=0
45,2000년 한센병관리사업지침,2018.07.10,86,20180710438977204,https://dportal.kdca.go.kr/pot/bbs/BD_selectBbs.do?q_bbsSn=1001&q_bbsDocNo=20180710438977204&q_clsfNo=0
44,2008년 전염병관리사업지침,2018.07.10,59,20180710427337314,https://dportal.kdca.go.kr/pot/bbs/BD_selectBbs.do?q_bbsSn=1001&q_bbsDocNo=20180710427337314&q_clsfNo=0
43,2003 브루셀라증관리지침,2018.07.10,64,20180710404930672,https://dportal.kdca.go.kr/pot/bbs/BD_selectBbs.do?q_bbsSn=1001&q_bbsDocNo=20180710404930672&q_clsfNo=0
42,2011년 의료관련감염표본감시침,2018.07.10,75,20180710384393603,https://dportal.kdca.go.kr/pot/bbs/BD_selectBbs.do?q_bbsSn=1001&q_bbsDocNo=20180710384393603&q_clsfNo=0
41,2005년 조류인플루엔자 인체감염예방및 관리지침,2018.07.10,66,20180710373423554,https://dportal.kdca.go.kr/pot/bbs/BD_selectBbs.do?q_bbsSn=1001&q_bbsDocNo=20180710373423554&q_clsfNo=0
40,2008년 유전자변형생물체 인체위해성 평가 심사가이드,2018.07.10,76,20180710362367837,https://dportal.kdca.go.kr/pot/bbs/BD_selectBbs.do?q_bbsSn=1001&q_bbsDocNo=20180710362367837&q_clsfNo=0
39,2012년 카바페넴내성 장내세균속 감염관리지침,2018.07.10,263,20180710353095722,https://dportal.kdca.go.kr/pot/bbs/BD_selectBbs.do?q_bbsSn=1001&q_bbsDocNo=20180710353095722&q_clsfNo=0
38,2006년 성병관리지침,2018.07.10,58,20180710351318697,https://dportal.kdca.go.kr/pot/bbs/BD_selectBbs.do?q_bbsSn=1001&q_bbsDocNo=20180710351318697&q_clsfNo=0
37,2012년 유전자재조합실험지침,2018.07.10,82,20180710349712510,https://dportal.kdca.go.kr/pot/bbs/BD_selectBbs.do?q_bbsSn=1001&q_bbsDocNo=20180710349712510&q_clsfNo=0
36,2011년 엔테로바이러스감염증 표본감시 안내지침,2018.07.10,71,20180710326930654,https://dportal.kdca.go.kr/pot/bbs/BD_selectBbs.do?q_bbsSn=1001&q_bbsDocNo=20180710326930654&q_clsfNo=0
35,2008년 성병관리지침,2018.07.10,59,20180710309249833,https://dportal.kdca.go.kr/pot/bbs/BD_selectBbs.do?q_bbsSn=1001&q_bbsDocNo=20180710309249833&q_clsfNo=0
34,2008년 고위험병원체 수송매뉴얼,2018.07.10,67,20180710299433045,https://dportal.kdca.go.kr/pot/bbs/BD_selectBbs.do?q_bbsSn=1001&q_bbsDocNo=20180710299433045&q_clsfNo=0
33,2005년 성병관리지침,2018.07.10,68,20180710293487621,https://dportal.kdca.go.kr/pot/bbs/BD_selectBbs.do?q_bbsSn=1001&q_bbsDocNo=20180710293487621&q_clsfNo=0
32,2000년 표준예방접종지침,2018.07.10,84,20180710293006723,https://dportal.kdca.go.kr/pot/bbs/BD_selectBbs.do?q_bbsSn=1001&q_bbsDocNo=20180710293006723&q_clsfNo=0
31,2007년 수인성식품매개역학조사지침,2018.07.10,108,20180710289248843,https://dportal.kdca.go.kr/pot/bbs/BD_selectBbs.do?q_bbsSn=1001&q_bbsDocNo=20180710289248843&q_clsfNo=0
30,2011년 장관감염증 표본감시지침,2018.07.10,106,20180710275194671,https://dportal.kdca.go.kr/pot/bbs/BD_selectBbs.do?q_bbsSn=1001&q_bbsDocNo=20180710275194671&q_clsfNo=0
29,2010년 말라리아 관리지침,2018.07.10,73,20180710268495396,https://dportal.kdca.go.kr/pot/bbs/BD_selectBbs.do?q_bbsSn=1001&q_bbsDocNo=20180710268495396&q_clsfNo=0
28,2003년 홍역예방․관리 지침,2018.07.10,190,20180710258588430,https://dportal.kdca.go.kr/pot/bbs/BD_selectBbs.do?q_bbsSn=1001&q_bbsDocNo=20180710258588430&q_clsfNo=0
27,2009년 CJD 및 vCJD 관리지침,2018.07.10,77,20180710257781682,https://dportal.kdca.go.kr/pot/bbs/BD_selectBbs.do?q_bbsSn=1001&q_bbsDocNo=20180710257781682&q_clsfNo=0
26,2005년 CJD 표본감시 관리지침,2018.07.10,63,20180710257513475,https://dportal.kdca.go.kr/pot/bbs/BD_selectBbs.do?q_bbsSn=1001&q_bbsDocNo=20180710257513475&q_clsfNo=0
25,2008년 시험 연구단계 유전자변형생물체 수입 및 개발 실험 승인 심사 설명집,2018.07.10,61,20180710211920142,https://dportal.kdca.go.kr/pot/bbs/BD_selectBbs.do?q_bbsSn=1001&q_bbsDocNo=20180710211920142&q_clsfNo=0
24,2008년 기관생물안전위원회 구성운영 매뉴얼,2018.07.10,62,20180710203926780,https://dportal.kdca.go.kr/pot/bbs/BD_selectBbs.do?q_bbsSn=1001&q_bbsDocNo=20180710203926780&q_clsfNo=0
23,2004년 성병관리지침,2018.07.10,70,20180710200964016,https://dportal.kdca.go.kr/pot/bbs/BD_selectBbs.do?q_bbsSn=1001&q_bbsDocNo=20180710200964016&q_clsfNo=0
22,2009년 레지오넬라 관리지침,2018.07.10,69,20180710199084512,https://dportal.kdca.go.kr/pot/bbs/BD_selectBbs.do?q_bbsSn=1001&q_bbsDocNo=20180710199084512&q_clsfNo=0
21,2007년 가을철발열성관리지침,2018.07.10,98,20180710197072649,https://dportal.kdca.go.kr/pot/bbs/BD_selectBbs.do?q_bbsSn=1001&q_bbsDocNo=20180710197072649&q_clsfNo=0
20,2010년 주요전염병매개모기방제관리지침,2018.07.10,92,20180710193510536,https://dportal.kdca.go.kr/pot/bbs/BD_selectBbs.do?q_bbsSn=1001&q_bbsDocNo=20180710193510536&q_clsfNo=0
19,2007년 해외여행자를 위한 말라리아 예방지침,2018.07.10,69,20180710192091117,https://dportal.kdca.go.kr/pot/bbs/BD_selectBbs.do?q_bbsSn=1001&q_bbsDocNo=20180710192091117&q_clsfNo=0
18,2006년 브루셀라증 실태조사 사업수행 지침,2018.07.10,64,20180710178140041,https://dportal.kdca.go.kr/pot/bbs/BD_selectBbs.do?q_bbsSn=1001&q_bbsDocNo=20180710178140041&q_clsfNo=0
17,2012년 의료관련감염병 표본감시 안내지침,2018.07.10,122,20180710127068352,https://dportal.kdca.go.kr/pot/bbs/BD_selectBbs.do?q_bbsSn=1001&q_bbsDocNo=20180710127068352&q_clsfNo=0
16,2008년 전염병 감시 및 보고지침,2018.07.10,102,20180710125062737,https://dportal.kdca.go.kr/pot/bbs/BD_selectBbs.do?q_bbsSn=1001&q_bbsDocNo=20180710125062737&q_clsfNo=0
15,2003 급성호흡기관리지침,2018.07.10,72,20180710103385587,https://dportal.kdca.go.kr/pot/bbs/BD_selectBbs.do?q_bbsSn=1001&q_bbsDocNo=20180710103385587&q_clsfNo=0
14,2012년 국가승인이 필요한 유전자변형생물체 개발 및 실험제도 안내,2018.07.10,96,20180710099741829,https://dportal.kdca.go.kr/pot/bbs/BD_selectBbs.do?q_bbsSn=1001&q_bbsDocNo=20180710099741829&q_clsfNo=0
13,2010년 인플루엔자 표본감시 안내지침,2018.07.10,89,20180710093131609,https://dportal.kdca.go.kr/pot/bbs/BD_selectBbs.do?q_bbsSn=1001&q_bbsDocNo=20180710093131609&q_clsfNo=0
12,2007년 법정전염병진단신고기준,2018.07.10,78,20180710073528500,https://dportal.kdca.go.kr/pot/bbs/BD_selectBbs.do?q_bbsSn=1001&q_bbsDocNo=20180710073528500&q_clsfNo=0
11,2009년 인플루엔자 표본감시 안내지침,2018.07.10,147,20180710050222649,https://dportal.kdca.go.kr/pot/bbs/BD_selectBbs.do?q_bbsSn=1001&q_bbsDocNo=20180710050222649&q_clsfNo=0
10,2011년 조류인플루엔자 인체감염 예방 및 관리지침,2018.07.10,78,20180710048942122,https://dportal.kdca.go.kr/pot/bbs/BD_selectBbs.do?q_bbsSn=1001&q_bbsDocNo=20180710048942122&q_clsfNo=0
9,2003년 전염병관리사업지침,2018.07.10,84,20180710041430852,https://dportal.kdca.go.kr/pot/bbs/BD_selectBbs.do?q_bbsSn=1001&q_bbsDocNo=20180710041430852&q_clsfNo=0
8,2003년 사스관리지침,2018.07.10,229,20180710018309878,https://dportal.kdca.go.kr/pot/bbs/BD_selectBbs.do?q_bbsSn=1001&q_bbsDocNo=20180710018309878&q_clsfNo=0
7,2004년 전염병관리사업지침,2018.07.10,82,20180710014352537,https://dportal.kdca.go.kr/pot/bbs/BD_selectBbs.do?q_bbsSn=1001&q_bbsDocNo=20180710014352537&q_clsfNo=0
6,2015년도 감염병관리사업지침,2018.07.09,518,20180709958244428,https://dportal.kdca.go.kr/pot/bbs/BD_selectBbs.do?q_bbsSn=1001&q_bbsDocNo=20180709958244428&q_clsfNo=0
5,2011년도 감염병관리사업지침,2018.07.09,684,20180709930491515,https://dportal.kdca.go.kr/pot/bbs/BD_selectBbs.do?q_bbsSn=1001&q_bbsDocNo=20180709930491515&q_clsfNo=0
4,2016년도 감염병관리사업지침,2018.07.09,501,20180709799339955,https://dportal.kdca.go.kr/pot/bbs/BD_selectBbs.do?q_bbsSn=1001&q_bbsDocNo=20180709799339955&q_clsfNo=0
3,2017년도 감염병관리사업지침,2018.07.09,1544,20180709791025978,https://dportal.kdca.go.kr/pot/bbs/BD_selectBbs.do?q_bbsSn=1001&q_bbsDocNo=20180709791025978&q_clsfNo=0
2,2014년도 감염병관리사업지침,2018.07.09,332,20180709781841287,https://dportal.kdca.go.kr/pot/bbs/BD_selectBbs.do?q_bbsSn=1001&q_bbsDocNo=20180709781841287&q_clsfNo=0
1,2013년도 감염병관리사업지침,2018.07.09,373,20180709072743186,https://dportal.kdca.go.kr/pot/bbs/BD_selectBbs.do?q_bbsSn=1001&q_bbsDocNo=20180709072743186&q_clsfNo=0
