주차,감염병,보고기관당_신고수,출처호
52,사람유두종바이러스 감염증,4.7,17-1
52,성기단순포진,2.3,17-1
52,첨규콘딜롬,1.6,17-1
52,클라미디아 감염증,1.5,17-1
52,임질,1.0,17-1
1,사람유두종바이러스 감염증,4.1,17-2
1,성기단순포진,2.5,17-2
1,첨규콘딜롬,1.4,17-2
1,클라미디아 감염증,1.6,17-2
1,임질,1.2,17-2
6,사람유두종바이러스 감염증,3.2,17-6
6,성기단순포진,2.5,17-6
6,첨규콘딜롬,1.5,17-6
6,클라미디아 감염증,1.8,17-6
6,임질,1.1,17-6
10,사람유두종바이러스 감염증,3.5,17-10
10,성기단순포진,2.8,17-10
10,첨규콘딜롬,1.4,17-10
10,클라미디아 감염증,1.7,17-10
10,임질,1.3,17-10
14,사람유두종바이러스 감염증,3.8,17-14
14,성기단순포진,3.2,17-14
14,첨규콘딜롬,1.6,17-14
14,클라미디아 감염증,1.9,17-14
14,임질,1.1,17-14
18,사람유두종바이러스 감염증,4.2,17-18
18,성기단순포진,2.5,17-18
18,첨규콘딜롬,1.6,17-18
18,클라미디아 감염증,1.8,17-18
18,임질,1.1,17-18
22,사람유두종바이러스 감염증,4.0,17-22
22,성기단순포진,2.8,17-22
22,첨규콘딜롬,1.5,17-22
22,클라미디아 감염증,1.8,17-22
22,임질,1.2,17-22
26,사람유두종바이러스 감염증,3.0,17-26
26,성기단순포진,2.9,17-26
26,첨규콘딜롬,1.4,17-26
26,클라미디아 감염증,1.6,17-26
26,임질,1.3,17-26
30,사람유두종바이러스 감염증,3.1,17-30
30,성기단순포진,2.5,17-30
30,첨규콘딜롬,1.2,17-30
30,클라미디아 감염증,1.8,17-30
30,임질,1.1,17-30
34,사람유두종바이러스 감염증,3.7,17-34
34,성기단순포진,3.0,17-34
34,첨규콘딜롬,1.4,17-34
34,클라미디아 감염증,1.8,17-34
34,임질,1.1,17-34
36,사람유두종바이러스 감염증,3.0,17-36
36,성기단순포진,3.2,17-36
36,첨규콘딜롬,1.3,17-36
36,클라미디아 감염증,1.7,17-36
36,임질,1.2,17-36
39,사람유두종바이러스 감염증,3.1,17-38
39,성기단순포진,3.1,17-38
39,첨규콘딜롬,1.8,17-38
39,클라미디아 감염증,1.5,17-38
39,임질,1.0,17-38
43,사람유두종바이러스 감염증,3.3,17-42
43,성기단순포진,2.9,17-42
43,첨규콘딜롬,1.7,17-42
43,클라미디아 감염증,1.5,17-42
43,임질,1.1,17-42
47,사람유두종바이러스 감염증,4.2,17-46
47,성기단순포진,2.8,17-46
47,첨규콘딜롬,1.3,17-46
47,클라미디아 감염증,1.7,17-46
47,임질,1.3,17-46
51,사람유두종바이러스 감염증,3.8,17-50
51,성기단순포진,3.0,17-50
51,첨규콘딜롬,1.5,17-50
51,클라미디아 감염증,1.8,17-50
51,임질,1.1,17-50
1,사람유두종바이러스 감염증,4.1,18-2
1,성기단순포진,1.8,18-2
1,첨규콘딜롬,1.3,18-2
1,클라미디아 감염증,1.1,18-2
1,임질,1.0,18-2
6,사람유두종바이러스 감염증,3.1,18-6
6,성기단순포진,2.3,18-6
6,첨규콘딜롬,1.5,18-6
6,클라미디아 감염증,1.8,18-6
6,임질,1.4,18-6
10,사람유두종바이러스 감염증,3.3,18-10
10,성기단순포진,2.5,18-10
10,첨규콘딜롬,1.3,18-10
10,클라미디아 감염증,1.6,18-10
10,임질,1.4,18-10
14,사람유두종바이러스 감염증,4.8,18-14
14,성기단순포진,3.3,18-14
14,첨규콘딜롬,1.5,18-14
14,클라미디아 감염증,1.7,18-14
14,임질,1.0,18-14
18,사람유두종바이러스 감염증,3.6,18-18
18,성기단순포진,2.4,18-18
18,첨규콘딜롬,1.4,18-18
18,클라미디아 감염증,1.4,18-18
18,임질,1.0,18-18
22,사람유두종바이러스 감염증,4.0,18-22
22,성기단순포진,3.4,18-22
22,첨규콘딜롬,1.6,18-22
22,클라미디아 감염증,1.4,18-22
22,임질,1.0,18-22
26,사람유두종바이러스 감염증,4.4,18-26
26,성기단순포진,3.2,18-26
26,첨규콘딜롬,1.5,18-26
26,클라미디아 감염증,1.5,18-26
26,임질,1.0,18-26
30,사람유두종바이러스 감염증,3.8,18-30
30,성기단순포진,2.1,18-30
30,첨규콘딜롬,1.6,18-30
30,클라미디아 감염증,1.4,18-30
30,임질,1.0,18-30
34,사람유두종바이러스 감염증,4.0,18-34
34,성기단순포진,2.2,18-34
34,첨규콘딜롬,1.7,18-34
34,클라미디아 감염증,1.3,18-34
34,임질,1.0,18-34
38,사람유두종바이러스 감염증,4.3,18-38
38,성기단순포진,2.6,18-38
38,첨규콘딜롬,1.7,18-38
38,클라미디아 감염증,1.4,18-38
38,임질,1.2,18-38
47,사람유두종바이러스 감염증,3.6,18-46
47,성기단순포진,2.6,18-46
47,첨규콘딜롬,1.5,18-46
47,클라미디아 감염증,1.6,18-46
47,임질,1.0,18-46
51,사람유두종바이러스 감염증,3.5,18-50
51,성기단순포진,2.4,18-50
51,첨규콘딜롬,1.4,18-50
51,클라미디아 감염증,1.3,18-50
51,임질,1.2,18-50
2,사람유두종바이러스 감염증,4.0,19-2
2,성기단순포진,2.4,19-2
2,첨규콘딜롬,1.8,19-2
2,클라미디아 감염증,1.4,19-2
2,임질,1.0,19-2
6,사람유두종바이러스 감염증,3.6,19-6
6,성기단순포진,2.2,19-6
6,첨규콘딜롬,1.4,19-6
6,클라미디아 감염증,1.6,19-6
6,임질,1.1,19-6
11,사람유두종바이러스 감염증,3.0,19-10
11,성기단순포진,2.0,19-10
11,첨규콘딜롬,1.4,19-10
11,클라미디아 감염증,1.6,19-10
11,임질,1.1,19-10
15,사람유두종바이러스 감염증,3.2,19-14
15,성기단순포진,2.5,19-14
15,첨규콘딜롬,1.6,19-14
15,클라미디아 감염증,1.5,19-14
15,임질,1.2,19-14
19,사람유두종바이러스 감염증,3.2,19-18
19,성기단순포진,2.2,19-18
19,첨규콘딜롬,1.6,19-18
19,클라미디아 감염증,1.5,19-18
19,임질,1.1,19-18
23,사람유두종바이러스 감염증,3.1,19-22
23,성기단순포진,2.5,19-22
23,첨규콘딜롬,1.3,19-22
23,클라미디아 감염증,1.5,19-22
23,임질,1.0,19-22
27,사람유두종바이러스 감염증,3.6,19-26
27,성기단순포진,2.2,19-26
27,첨규콘딜롬,1.4,19-26
27,클라미디아 감염증,1.5,19-26
27,임질,1.1,19-26
31,사람유두종바이러스 감염증,3.4,19-30
31,성기단순포진,2.3,19-30
31,첨규콘딜롬,1.7,19-30
31,클라미디아 감염증,1.6,19-30
31,임질,1.3,19-30
35,사람유두종바이러스 감염증,3.3,19-34
35,성기단순포진,2.4,19-34
35,첨규콘딜롬,1.7,19-34
35,클라미디아 감염증,1.5,19-34
35,임질,1.1,19-34
