연도,연령,출생연도,백신,항목,값,이상
2025,13세,2012,BCG,접종자,472272.0,
2025,13세,2012,BCG,접종률,97.0,
2025,13세,2012,HepB,접종자,470391.0,
2025,13세,2012,HepB,접종률,96.6,
2025,13세,2012,IPV,접종자,468935.0,
2025,13세,2012,IPV,접종률,96.3,
2025,13세,2012,JE,접종자,431102.0,
2025,13세,2012,JE,접종률,88.5,
2025,13세,2012,MMR,접종자,472807.0,
2025,13세,2012,MMR,접종률,97.1,
2025,13세,2012,Tdap,접종자,436802.0,
2025,13세,2012,Tdap,접종률,89.7,
2025,13세,2012,VAR,접종자,477570.0,
2025,13세,2012,VAR,접종률,98.1,
2025,13세,2012,완전접종률,접종자,409447.0,
2025,13세,2012,완전접종률,접종률,84.1,
2025,1세,2024,BCG,접종자,236721.0,
2025,1세,2024,BCG,접종률,97.0,
2025,1세,2024,DTaP,접종자,235995.0,
2025,1세,2024,DTaP,접종률,96.7,
2025,1세,2024,HepB,접종자,235360.0,
2025,1세,2024,HepB,접종률,96.5,
2025,1세,2024,Hib,접종자,235908.0,
2025,1세,2024,Hib,접종률,96.7,
2025,1세,2024,IPV,접종자,235907.0,
2025,1세,2024,IPV,접종률,96.7,
2025,1세,2024,PCV,접종자,235624.0,
2025,1세,2024,PCV,접종률,96.6,
2025,1세,2024,RV,접종자,229472.0,
2025,1세,2024,RV,접종률,94.1,
2025,1세,2024,완전접종률,접종자,227405.0,
2025,1세,2024,완전접종률,접종률,93.2,
2025,2세,2023,BCG,접종자,228535.0,
2025,2세,2023,BCG,접종률,97.2,
2025,2세,2023,DTaP,접종자,224170.0,
2025,2세,2023,DTaP,접종률,95.4,
2025,2세,2023,HepB,접종자,227405.0,
2025,2세,2023,HepB,접종률,96.8,
2025,2세,2023,Hib,접종자,224377.0,
2025,2세,2023,Hib,접종률,95.5,
2025,2세,2023,IPV,접종자,228026.0,
2025,2세,2023,IPV,접종률,97.0,
2025,2세,2023,MMR,접종자,227176.0,
2025,2세,2023,MMR,접종률,96.7,
2025,2세,2023,PCV,접종자,225892.0,
2025,2세,2023,PCV,접종률,96.1,
2025,2세,2023,RV,접종자,221034.0,
2025,2세,2023,RV,접종률,94.0,
2025,2세,2023,VAR,접종자,227258.0,
2025,2세,2023,VAR,접종률,96.7,
2025,2세,2023,완전접종률,접종자,215011.0,
2025,2세,2023,완전접종률,접종률,91.5,
2025,3세,2022,BCG,접종자,247347.0,
2025,3세,2022,BCG,접종률,97.2,
2025,3세,2022,DTaP,접종자,244047.0,
2025,3세,2022,DTaP,접종률,95.9,
2025,3세,2022,HepA,접종자,242341.0,
2025,3세,2022,HepA,접종률,95.2,
2025,3세,2022,HepB,접종자,246594.0,
2025,3세,2022,HepB,접종률,96.9,
2025,3세,2022,Hib,접종자,243150.0,
2025,3세,2022,Hib,접종률,95.5,
2025,3세,2022,IPV,접종자,247139.0,
2025,3세,2022,IPV,접종률,97.1,
2025,3세,2022,JE,접종자,233409.0,
2025,3세,2022,JE,접종률,91.7,
2025,3세,2022,MMR,접종자,246675.0,
2025,3세,2022,MMR,접종률,96.9,
2025,3세,2022,PCV,접종자,245508.0,
2025,3세,2022,PCV,접종률,96.5,
2025,3세,2022,VAR,접종자,246650.0,
2025,3세,2022,VAR,접종률,96.9,
2025,3세,2022,완전접종률,접종자,229114.0,
2025,3세,2022,완전접종률,접종률,90.0,
2025,6세,2019,BCG,접종자,300306.0,
2025,6세,2019,BCG,접종률,97.4,
2025,6세,2019,DTaP,접종자,291990.0,
2025,6세,2019,DTaP,접종률,94.7,
2025,6세,2019,HepA,접종자,298596.0,
2025,6세,2019,HepA,접종률,96.8,
2025,6세,2019,HepB,접종자,299422.0,
2025,6세,2019,HepB,접종률,97.1,
2025,6세,2019,Hib,접종자,295840.0,
2025,6세,2019,Hib,접종률,95.9,
2025,6세,2019,IPV,접종자,293732.0,
2025,6세,2019,IPV,접종률,95.2,
2025,6세,2019,JE,접종자,288912.0,
2025,6세,2019,JE,접종률,93.7,
2025,6세,2019,MMR,접종자,294877.0,
2025,6세,2019,MMR,접종률,95.6,
2025,6세,2019,PCV,접종자,298401.0,
2025,6세,2019,PCV,접종률,96.8,
2025,6세,2019,VAR,접종자,300630.0,
2025,6세,2019,VAR,접종률,97.5,
2025,6세,2019,완전접종률,접종자,279207.0,
2025,6세,2019,완전접종률,접종률,90.5,
2024,1세,2023,BCG,접종자,228386.0,
2024,1세,2023,BCG,접종률,97.4,
2024,1세,2023,DTaP,접종자,227549.0,
2024,1세,2023,DTaP,접종률,97.1,
2024,1세,2023,HepB,접종자,227007.0,
2024,1세,2023,HepB,접종률,96.8,
2024,1세,2023,Hib,접종자,227553.0,
2024,1세,2023,Hib,접종률,97.1,
2024,1세,2023,IPV,접종자,227448.0,
2024,1세,2023,IPV,접종률,97.0,
2024,1세,2023,PCV,접종자,227154.0,
2024,1세,2023,PCV,접종률,96.9,
2024,1세,2023,RV,접종자,220739.0,
2024,1세,2023,RV,접종률,94.2,
2024,1세,2023,완전접종률,접종자,218803.0,
2024,1세,2023,완전접종률,접종률,93.3,
2024,2세,2022,BCG,접종자,247323.0,
2024,2세,2022,BCG,접종률,97.3,
2024,2세,2022,DTaP,접종자,241707.0,
2024,2세,2022,DTaP,접종률,95.1,
2024,2세,2022,HepB,접종자,246418.0,
2024,2세,2022,HepB,접종률,97.0,
2024,2세,2022,Hib,접종자,242534.0,
2024,2세,2022,Hib,접종률,95.4,
2024,2세,2022,IPV,접종자,246857.0,
2024,2세,2022,IPV,접종률,97.1,
2024,2세,2022,MMR,접종자,246291.0,
2024,2세,2022,MMR,접종률,96.9,
2024,2세,2022,PCV,접종자,244673.0,
2024,2세,2022,PCV,접종률,96.3,
2024,2세,2022,VAR,접종자,246166.0,
2024,2세,2022,VAR,접종률,96.9,
2024,2세,2022,완전접종률,접종자,237749.0,
2024,2세,2022,완전접종률,접종률,93.6,
2024,3세,2021,BCG,접종자,259172.0,
2024,3세,2021,BCG,접종률,97.2,
2024,3세,2021,DTaP,접종자,254207.0,
2024,3세,2021,DTaP,접종률,95.4,
2024,3세,2021,HepA,접종자,253145.0,
2024,3세,2021,HepA,접종률,95.0,
2024,3세,2021,HepB,접종자,258002.0,
2024,3세,2021,HepB,접종률,96.8,
2024,3세,2021,Hib,접종자,254598.0,
2024,3세,2021,Hib,접종률,95.5,
2024,3세,2021,IPV,접종자,259082.0,
2024,3세,2021,IPV,접종률,97.2,
2024,3세,2021,JE,접종자,242687.0,
2024,3세,2021,JE,접종률,91.0,
2024,3세,2021,MMR,접종자,258931.0,
2024,3세,2021,MMR,접종률,97.1,
2024,3세,2021,PCV,접종자,256905.0,
2024,3세,2021,PCV,접종률,96.4,
2024,3세,2021,VAR,접종자,258723.0,
2024,3세,2021,VAR,접종률,97.1,
2024,3세,2021,완전접종률,접종자,236464.0,
2024,3세,2021,완전접종률,접종률,88.7,
2024,6세,2018,BCG,접종자,323656.0,
2024,6세,2018,BCG,접종률,97.5,
2024,6세,2018,DTaP,접종자,310670.0,
2024,6세,2018,DTaP,접종률,93.6,
2024,6세,2018,HepA,접종자,321410.0,
2024,6세,2018,HepA,접종률,96.8,
2024,6세,2018,HepB,접종자,322525.0,
2024,6세,2018,HepB,접종률,97.1,
2024,6세,2018,Hib,접종자,318767.0,
2024,6세,2018,Hib,접종률,96.0,
2024,6세,2018,IPV,접종자,3161823.0,접종자 수가 한 해 출생아보다 크다
2024,6세,2018,IPV,접종률,95.2,
2024,6세,2018,JE,접종자,311337.0,
2024,6세,2018,JE,접종률,93.8,
2024,6세,2018,MMR,접종자,316194.0,
2024,6세,2018,MMR,접종률,95.2,
2024,6세,2018,PCV,접종자,321430.0,
2024,6세,2018,PCV,접종률,96.8,
2024,6세,2018,VAR,접종자,323512.0,
2024,6세,2018,VAR,접종률,97.4,
2024,6세,2018,완전접종률,접종자,296951.0,
2024,6세,2018,완전접종률,접종률,89.4,
2023,1세,2022,BCG,접종자,247271.0,
2023,1세,2022,BCG,접종률,97.6,
2023,1세,2022,DTaP,접종자,246401.0,
2023,1세,2022,DTaP,접종률,97.2,
2023,1세,2022,HepB,접종자,246007.0,
2023,1세,2022,HepB,접종률,97.1,
2023,1세,2022,Hib,접종자,246428.0,
2023,1세,2022,Hib,접종률,97.2,
2023,1세,2022,IPV,접종자,246315.0,
2023,1세,2022,IPV,접종률,97.2,
2023,1세,2022,PCV,접종자,246030.0,
2023,1세,2022,PCV,접종률,97.1,
2023,1세,2022,완전접종률,접종자,244225.0,
2023,1세,2022,완전접종률,접종률,96.4,
2023,2세,2021,BCG,접종자,259248.0,
2023,2세,2021,BCG,접종률,97.4,
2023,2세,2021,DTaP,접종자,252369.0,
2023,2세,2021,DTaP,접종률,94.8,
2023,2세,2021,HepB,접종자,257854.0,
2023,2세,2021,HepB,접종률,96.9,
2023,2세,2021,Hib,접종자,253697.0,
2023,2세,2021,Hib,접종률,95.3,
2023,2세,2021,IPV,접종자,258870.0,
2023,2세,2021,IPV,접종률,97.3,
2023,2세,2021,MMR,접종자,258298.0,
2023,2세,2021,MMR,접종률,97.1,
2023,2세,2021,PCV,접종자,255720.0,
2023,2세,2021,PCV,접종률,96.1,
2023,2세,2021,VAR,접종자,258190.0,
2023,2세,2021,VAR,접종률,97.0,
2023,2세,2021,완전접종률,접종자,247147.0,
2023,2세,2021,완전접종률,접종률,92.9,
2023,3세,2020,BCG,접종자,271120.0,
2023,3세,2020,BCG,접종률,97.4,
2023,3세,2020,DTaP,접종자,266087.0,
2023,3세,2020,DTaP,접종률,95.6,
2023,3세,2020,HepA,접종자,264321.0,
2023,3세,2020,HepA,접종률,94.9,
2023,3세,2020,HepB,접종자,270229.0,
2023,3세,2020,HepB,접종률,97.1,
2023,3세,2020,Hib,접종자,266992.0,
2023,3세,2020,Hib,접종률,95.9,
2023,3세,2020,IPV,접종자,270873.0,
2023,3세,2020,IPV,접종률,97.3,
2023,3세,2020,JE,접종자,254092.0,
2023,3세,2020,JE,접종률,91.3,
2023,3세,2020,MMR,접종자,270821.0,
2023,3세,2020,MMR,접종률,97.3,
2023,3세,2020,PCV,접종자,268607.0,
2023,3세,2020,PCV,접종률,96.5,
2023,3세,2020,VAR,접종자,270712.0,
2023,3세,2020,VAR,접종률,97.2,
2023,3세,2020,완전접종률,접종자,248393.0,
2023,3세,2020,완전접종률,접종률,89.2,
2023,6세,2017,BCG,접종자,354319.0,
2023,6세,2017,BCG,접종률,97.7,
2023,6세,2017,DTaP,접종자,340635.0,
2023,6세,2017,DTaP,접종률,93.9,
2023,6세,2017,HepA,접종자,351834.0,
2023,6세,2017,HepA,접종률,97.0,
2023,6세,2017,HepB,접종자,353405.0,
2023,6세,2017,HepB,접종률,97.4,
2023,6세,2017,Hib,접종자,349329.0,
2023,6세,2017,Hib,접종률,96.3,
2023,6세,2017,IPV,접종자,345793.0,
2023,6세,2017,IPV,접종률,95.3,
2023,6세,2017,JE,접종자,340208.0,
2023,6세,2017,JE,접종률,93.8,
2023,6세,2017,MMR,접종자,346909.0,
2023,6세,2017,MMR,접종률,95.6,
2023,6세,2017,PCV,접종자,352119.0,
2023,6세,2017,PCV,접종률,97.0,
2023,6세,2017,VAR,접종자,354170.0,
2023,6세,2017,VAR,접종률,97.6,
2023,6세,2017,완전접종률,접종자,325869.0,
2023,6세,2017,완전접종률,접종률,89.8,
2022,1세,2021,BCG,접종자,259041.0,
2022,1세,2021,BCG,접종률,97.6,
2022,1세,2021,DTaP,접종자,258215.0,
2022,1세,2021,DTaP,접종률,97.3,
2022,1세,2021,HepB,접종자,257203.0,
2022,1세,2021,HepB,접종률,97.0,
2022,1세,2021,Hib,접종자,258252.0,
2022,1세,2021,Hib,접종률,97.3,
2022,1세,2021,IPV,접종자,258119.0,
2022,1세,2021,IPV,접종률,97.3,
2022,1세,2021,PCV,접종자,257666.0,
2022,1세,2021,PCV,접종률,97.1,
2022,1세,2021,완전접종률,접종자,254997.0,
2022,1세,2021,완전접종률,접종률,96.1,
2022,2세,2020,BCG,접종자,271074.0,
2022,2세,2020,BCG,접종률,97.6,
2022,2세,2020,DTaP,접종자,264065.0,
2022,2세,2020,DTaP,접종률,95.1,
2022,2세,2020,HepB,접종자,269939.0,
2022,2세,2020,HepB,접종률,97.2,
2022,2세,2020,Hib,접종자,265995.0,
2022,2세,2020,Hib,접종률,95.8,
2022,2세,2020,IPV,접종자,270573.0,
2022,2세,2020,IPV,접종률,97.4,
2022,2세,2020,MMR,접종자,270186.0,
2022,2세,2020,MMR,접종률,97.3,
2022,2세,2020,PCV,접종자,267399.0,
2022,2세,2020,PCV,접종률,96.3,
2022,2세,2020,VAR,접종자,270143.0,
2022,2세,2020,VAR,접종률,97.3,
2022,2세,2020,완전접종률,접종자,259632.0,
2022,2세,2020,완전접종률,접종률,93.5,
2022,3세,2019,BCG,접종자,300437.0,
2022,3세,2019,BCG,접종률,97.7,
2022,3세,2019,DTaP,접종자,294644.0,
2022,3세,2019,DTaP,접종률,95.8,
2022,3세,2019,HepA,접종자,293627.0,
2022,3세,2019,HepA,접종률,95.4,
2022,3세,2019,HepB,접종자,299006.0,
2022,3세,2019,HepB,접종률,97.2,
2022,3세,2019,Hib,접종자,295392.0,
2022,3세,2019,Hib,접종률,96.0,
2022,3세,2019,IPV,접종자,299659.0,
2022,3세,2019,IPV,접종률,97.4,
2022,3세,2019,JE,접종자,282727.0,
2022,3세,2019,JE,접종률,91.9,
2022,3세,2019,MMR,접종자,299861.0,
2022,3세,2019,MMR,접종률,97.5,
2022,3세,2019,PCV,접종자,297693.0,
2022,3세,2019,PCV,접종률,96.8,
2022,3세,2019,VAR,접종자,299678.0,
2022,3세,2019,VAR,접종률,97.4,
2022,3세,2019,완전접종률,접종자,275910.0,
2022,3세,2019,완전접종률,접종률,89.7,
2022,6세,2016,BCG,접종자,402582.0,
2022,6세,2016,BCG,접종률,97.8,
2022,6세,2016,DTaP,접종자,387051.0,
2022,6세,2016,DTaP,접종률,94.1,
2022,6세,2016,HepA,접종자,399200.0,
2022,6세,2016,HepA,접종률,97.0,
2022,6세,2016,HepB,접종자,401790.0,
2022,6세,2016,HepB,접종률,97.6,
2022,6세,2016,Hib,접종자,396645.0,
2022,6세,2016,Hib,접종률,96.4,
2022,6세,2016,IPV,접종자,392206.0,
2022,6세,2016,IPV,접종률,95.3,
2022,6세,2016,JE,접종자,380739.0,
2022,6세,2016,JE,접종률,92.5,
2022,6세,2016,MMR,접종자,393356.0,
2022,6세,2016,MMR,접종률,95.6,
2022,6세,2016,PCV,접종자,400211.0,
2022,6세,2016,PCV,접종률,97.3,
2022,6세,2016,VAR,접종자,402418.0,
2022,6세,2016,VAR,접종률,97.8,
2022,6세,2016,완전접종률,접종자,364441.0,
2022,6세,2016,완전접종률,접종률,88.6,
2021,1세,2020,BCG,접종자,270919.0,
2021,1세,2020,BCG,접종률,98.5,
2021,1세,2020,DTaP,접종자,269817.0,
2021,1세,2020,DTaP,접종률,98.1,
2021,1세,2020,HepB,접종자,269334.0,
2021,1세,2020,HepB,접종률,97.9,
2021,1세,2020,Hib,접종자,269878.0,
2021,1세,2020,Hib,접종률,98.1,
2021,1세,2020,IPV,접종자,269715.0,
2021,1세,2020,IPV,접종률,98.0,
2021,1세,2020,PCV,접종자,269737.0,
2021,1세,2020,PCV,접종률,98.1,
2021,1세,2020,완전접종률,접종자,267529.0,
2021,1세,2020,완전접종률,접종률,97.2,
2021,2세,2019,BCG,접종자,300590.0,
2021,2세,2019,BCG,접종률,98.2,
2021,2세,2019,DTaP,접종자,292941.0,
2021,2세,2019,DTaP,접종률,95.7,
2021,2세,2019,HepB,접종자,298814.0,
2021,2세,2019,HepB,접종률,97.6,
2021,2세,2019,Hib,접종자,294568.0,
2021,2세,2019,Hib,접종률,96.2,
2021,2세,2019,IPV,접종자,299227.0,
2021,2세,2019,IPV,접종률,97.8,
2021,2세,2019,MMR,접종자,299327.0,
2021,2세,2019,MMR,접종률,97.8,
2021,2세,2019,PCV,접종자,296842.0,
2021,2세,2019,PCV,접종률,97.0,
2021,2세,2019,VAR,접종자,299192.0,
2021,2세,2019,VAR,접종률,97.7,
2021,2세,2019,완전접종률,접종자,288212.0,
2021,2세,2019,완전접종률,접종률,94.2,
2021,3세,2018,BCG,접종자,324377.0,
2021,3세,2018,BCG,접종률,97.8,
2021,3세,2018,DTaP,접종자,318260.0,
2021,3세,2018,DTaP,접종률,95.9,
2021,3세,2018,HepA,접종자,317361.0,
2021,3세,2018,HepA,접종률,95.6,
2021,3세,2018,HepB,접종자,322603.0,
2021,3세,2018,HepB,접종률,97.2,
2021,3세,2018,Hib,접종자,318787.0,
2021,3세,2018,Hib,접종률,96.1,
2021,3세,2018,IPV,접종자,323193.0,
2021,3세,2018,IPV,접종률,97.4,
2021,3세,2018,JE,접종자,306397.0,
2021,3세,2018,JE,접종률,92.3,
2021,3세,2018,MMR,접종자,322794.0,
2021,3세,2018,MMR,접종률,97.3,
2021,3세,2018,PCV,접종자,321334.0,
2021,3세,2018,PCV,접종률,96.8,
2021,3세,2018,VAR,접종자,322997.0,
2021,3세,2018,VAR,접종률,97.3,
2021,3세,2018,완전접종률,접종자,306397.0,
2021,3세,2018,완전접종률,접종률,90.0,
2021,6세,2015,BCG,접종자,434093.0,
2021,6세,2015,BCG,접종률,97.9,
2021,6세,2015,DTaP,접종자,415375.0,
2021,6세,2015,DTaP,접종률,93.7,
2021,6세,2015,HepA,접종자,429848.0,
2021,6세,2015,HepA,접종률,96.9,
2021,6세,2015,HepB,접종자,433301.0,
2021,6세,2015,HepB,접종률,97.7,
2021,6세,2015,Hib,접종자,425383.0,
2021,6세,2015,Hib,접종률,95.9,
2021,6세,2015,IPV,접종자,420585.0,
2021,6세,2015,IPV,접종률,94.8,
2021,6세,2015,JE,접종자,401594.0,
2021,6세,2015,JE,접종률,90.6,
2021,6세,2015,MMR,접종자,421473.0,
2021,6세,2015,MMR,접종률,95.0,
2021,6세,2015,PCV,접종자,430709.0,
2021,6세,2015,PCV,접종률,97.1,
2021,6세,2015,VAR,접종자,433737.0,
2021,6세,2015,VAR,접종률,97.8,
2021,6세,2015,완전접종률,접종자,381924.0,
2021,6세,2015,완전접종률,접종률,86.15,
2020,1세,2018,BCG,접종자,330314.0,
2020,1세,2018,BCG,접종률,98.5,
2020,1세,2018,DTaP,접종자,298711.0,
2020,1세,2018,DTaP,접종률,97.9,
2020,1세,2018,HepB,접종자,298241.0,
2020,1세,2018,HepB,접종률,97.8,
2020,1세,2018,Hib,접종자,298782.0,
2020,1세,2018,Hib,접종률,98.0,
2020,1세,2018,IPV,접종자,298572.0,
2020,1세,2018,IPV,접종률,97.9,
2020,1세,2018,PCV,접종자,298362.0,
2020,1세,2018,PCV,접종률,97.8,
2020,1세,2018,완전접종률,접종자,296028.0,
2020,1세,2018,완전접종률,접종률,97.1,
2020,2세,2017,BCG,접종자,324308.0,
2020,2세,2017,BCG,접종률,97.8,
2020,2세,2017,DTaP,접종자,316835.0,
2020,2세,2017,DTaP,접종률,95.6,
2020,2세,2017,HepB,접종자,322399.0,
2020,2세,2017,HepB,접종률,97.2,
2020,2세,2017,Hib,접종자,318046.0,
2020,2세,2017,Hib,접종률,95.9,
2020,2세,2017,IPV,접종자,322923.0,
2020,2세,2017,IPV,접종률,97.4,
2020,2세,2017,MMR,접종자,321819.0,
2020,2세,2017,MMR,접종률,97.1,
2020,2세,2017,PCV,접종자,320316.0,
2020,2세,2017,PCV,접종률,96.6,
2020,2세,2017,VAR,접종자,322340.0,
2020,2세,2017,VAR,접종률,97.2,
2020,2세,2017,완전접종률,접종자,310571.0,
2020,2세,2017,완전접종률,접종률,94.2,
2020,3세,2017,BCG,접종자,354942.0,
2020,3세,2017,BCG,접종률,97.9,
2020,3세,2017,DTaP,접종자,349171.0,
2020,3세,2017,DTaP,접종률,95.8,
2020,3세,2017,HepA,접종자,347814.0,
2020,3세,2017,HepA,접종률,95.8,
2020,3세,2017,HepB,접종자,353564.0,
2020,3세,2017,HepB,접종률,97.4,
2020,3세,2017,Hib,접종자,349478.0,
2020,3세,2017,Hib,접종률,96.1,
2020,3세,2017,IPV,접종자,353751.0,
2020,3세,2017,IPV,접종률,97.5,
2020,3세,2017,JE,접종자,338096.0,
2020,3세,2017,JE,접종률,93.1,
2020,3세,2017,MMR,접종자,354224.0,
2020,3세,2017,MMR,접종률,97.5,
2020,3세,2017,PCV,접종자,351993.0,
2020,3세,2017,PCV,접종률,96.7,
2020,3세,2017,VAR,접종자,353666.0,
2020,3세,2017,VAR,접종률,97.4,
2020,3세,2017,완전접종률,접종자,330458.0,
2020,3세,2017,완전접종률,접종률,91.0,
2020,6세,2014,BCG,접종자,430240.0,
2020,6세,2014,BCG,접종률,97.8,
2020,6세,2014,DTaP,접종자,410884.0,
2020,6세,2014,DTaP,접종률,93.4,
2020,6세,2014,HepB,접종자,429117.0,
2020,6세,2014,HepB,접종률,97.5,
2020,6세,2014,Hib,접종자,420597.0,
2020,6세,2014,Hib,접종률,95.6,
2020,6세,2014,IPV,접종자,414879.0,
2020,6세,2014,IPV,접종률,94.3,
2020,6세,2014,JE,접종자,987880.0,
2020,6세,2014,JE,접종률,88.2,
2020,6세,2014,MMR,접종자,416093.0,
2020,6세,2014,MMR,접종률,94.6,
2020,6세,2014,PCV,접종자,425966.0,
2020,6세,2014,PCV,접종률,96.8,
2020,6세,2014,VAR,접종자,429966.0,
2020,6세,2014,VAR,접종률,97.7,
2020,6세,2014,완전접종률,접종자,367130.0,
2020,6세,2014,완전접종률,접종률,83.5,
2019,1세,2018,BCG,접종자,323918.0,
2019,1세,2018,BCG,접종률,97.9,
2019,1세,2018,DTaP,접종자,322272.0,
2019,1세,2018,DTaP,접종률,97.4,
2019,1세,2018,HepB,접종자,321745.0,
2019,1세,2018,HepB,접종률,97.3,
2019,1세,2018,Hib,접종자,322329.0,
2019,1세,2018,Hib,접종률,97.4,
2019,1세,2018,IPV,접종자,322036.0,
2019,1세,2018,IPV,접종률,97.3,
2019,1세,2018,PCV,접종자,321558.0,
2019,1세,2018,PCV,접종률,97.2,
2019,1세,2018,완전접종률,접종자,319182.0,
2019,1세,2018,완전접종률,접종률,96.5,
2019,2세,2017,BCG,접종자,354827.0,
2019,2세,2017,BCG,접종률,97.9,
2019,2세,2017,DTaP,접종자,347315.0,
2019,2세,2017,DTaP,접종률,95.8,
2019,2세,2017,HepB,접종자,353309.0,
2019,2세,2017,HepB,접종률,97.4,
2019,2세,2017,Hib,접종자,348475.0,
2019,2세,2017,Hib,접종률,96.1,
2019,2세,2017,IPV,접종자,353381.0,
2019,2세,2017,IPV,접종률,97.5,
2019,2세,2017,MMR,접종자,353469.0,
2019,2세,2017,MMR,접종률,97.5,
2019,2세,2017,PCV,접종자,350693.0,
2019,2세,2017,PCV,접종률,96.7,
2019,2세,2017,VAR,접종자,352983.0,
2019,2세,2017,VAR,접종률,97.3,
2019,2세,2017,완전접종률,접종자,341407.0,
2019,2세,2017,완전접종률,접종률,94.2,
2019,3세,2016,BCG,접종자,403079.0,
2019,3세,2016,BCG,접종률,97.9,
2019,3세,2016,DTaP,접종자,397266.0,
2019,3세,2016,DTaP,접종률,96.5,
2019,3세,2016,HepA,접종자,393477.0,
2019,3세,2016,HepA,접종률,95.6,
2019,3세,2016,HepB,접종자,401811.0,
2019,3세,2016,HepB,접종률,97.6,
2019,3세,2016,Hib,접종자,396693.0,
2019,3세,2016,Hib,접종률,96.4,
2019,3세,2016,IPV,접종자,401848.0,
2019,3세,2016,IPV,접종률,97.6,
2019,3세,2016,JE,접종자,386164.0,
2019,3세,2016,JE,접종률,93.8,
2019,3세,2016,MMR,접종자,402481.0,
2019,3세,2016,MMR,접종률,97.8,
2019,3세,2016,PCV,접종자,399989.0,
2019,3세,2016,PCV,접종률,97.2,
2019,3세,2016,VAR,접종자,401719.0,
2019,3세,2016,VAR,접종률,97.6,
2019,3세,2016,완전접종률,접종자,376696.0,
2019,3세,2016,완전접종률,접종률,91.5,
2019,6세,2013,BCG,접종자,430109.0,
2019,6세,2013,BCG,접종률,97.6,
2019,6세,2013,DTaP,접종자,408100.0,
2019,6세,2013,DTaP,접종률,92.6,
2019,6세,2013,HepB,접종자,428678.0,
2019,6세,2013,HepB,접종률,97.3,
2019,6세,2013,Hib,접종자,418695.0,
2019,6세,2013,Hib,접종률,95.0,
2019,6세,2013,IPV,접종자,414286.0,
2019,6세,2013,IPV,접종률,94.0,
2019,6세,2013,JE,접종자,402567.0,
2019,6세,2013,JE,접종률,91.3,
2019,6세,2013,MMR,접종자,417375.0,
2019,6세,2013,MMR,접종률,94.7,
2019,6세,2013,VAR,접종자,430419.0,
2019,6세,2013,VAR,접종률,97.7,
2019,6세,2013,완전접종률,접종자,373865.0,
2019,6세,2013,완전접종률,접종률,84.8,
2018,1세,2017,BCG,접종자,354391.0,
2018,1세,2017,BCG,접종률,98.2,
2018,1세,2017,DTaP,접종자,352810.0,
2018,1세,2017,DTaP,접종률,97.7,
2018,1세,2017,HepB,접종자,352568.0,
2018,1세,2017,HepB,접종률,97.7,
2018,1세,2017,Hib,접종자,352839.0,
2018,1세,2017,Hib,접종률,97.8,
2018,1세,2017,IPV,접종자,352447.0,
2018,1세,2017,IPV,접종률,97.6,
2018,1세,2017,PCV,접종자,352103.0,
2018,1세,2017,PCV,접종률,97.5,
2018,1세,2017,완전접종률,접종자,349352.0,
2018,1세,2017,완전접종률,접종률,96.8,
2018,2세,2016,BCG,접종자,402604.0,
2018,2세,2016,BCG,접종률,98.1,
2018,2세,2016,DTaP,접종자,395738.0,
2018,2세,2016,DTaP,접종률,96.5,
2018,2세,2016,HepB,접종자,401250.0,
2018,2세,2016,HepB,접종률,97.8,
2018,2세,2016,Hib,접종자,395708.0,
2018,2세,2016,Hib,접종률,96.5,
2018,2세,2016,IPV,접종자,401135.0,
2018,2세,2016,IPV,접종률,97.8,
2018,2세,2016,MMR,접종자,401503.0,
2018,2세,2016,MMR,접종률,97.9,
2018,2세,2016,PCV,접종자,398695.0,
2018,2세,2016,PCV,접종률,97.2,
2018,2세,2016,VAR,접종자,400769.0,
2018,2세,2016,VAR,접종률,97.7,
2018,2세,2016,완전접종률,접종자,388642.0,
2018,2세,2016,완전접종률,접종률,94.7,
2018,3세,2015,BCG,접종자,433865.0,
2018,3세,2015,BCG,접종률,98.1,
2018,3세,2015,DTaP,접종자,427383.0,
2018,3세,2015,DTaP,접종률,96.6,
2018,3세,2015,HepA,접종자,421571.0,
2018,3세,2015,HepA,접종률,95.3,
2018,3세,2015,HepB,접종자,432668.0,
2018,3세,2015,HepB,접종률,97.8,
2018,3세,2015,Hib,접종자,424748.0,
2018,3세,2015,Hib,접종률,96.0,
2018,3세,2015,IPV,접종자,432698.0,
2018,3세,2015,IPV,접종률,97.8,
2018,3세,2015,JE,접종자,414029.0,
2018,3세,2015,JE,접종률,93.6,
2018,3세,2015,MMR,접종자,433110.0,
2018,3세,2015,MMR,접종률,97.9,
2018,3세,2015,PCV,접종자,429806.0,
2018,3세,2015,PCV,접종률,97.2,
2018,3세,2015,VAR,접종자,432187.0,
2018,3세,2015,VAR,접종률,97.7,
2018,3세,2015,완전접종률,접종자,401663.0,
2018,3세,2015,완전접종률,접종률,90.8,
2018,6세,2012,BCG,접종자,474237.0,
2018,6세,2012,BCG,접종률,96.9,
2018,6세,2012,DTaP,접종자,460053.0,
2018,6세,2012,DTaP,접종률,94.0,
2018,6세,2012,HepB,접종자,471850.0,
2018,6세,2012,HepB,접종률,96.5,
2018,6세,2012,IPV,접종자,468375.0,
2018,6세,2012,IPV,접종률,95.7,
2018,6세,2012,JE,접종자,457441.0,
2018,6세,2012,JE,접종률,93.5,
2018,6세,2012,MMR,접종자,470886.0,
2018,6세,2012,MMR,접종률,96.3,
2018,6세,2012,VAR,접종자,477635.0,
2018,6세,2012,VAR,접종률,97.6,
2018,6세,2012,완전접종률,접종자,431871.0,
2018,6세,2012,완전접종률,접종률,88.3,
2017,1세,2016,BCG,접종자,401745.0,
2017,1세,2016,BCG,접종률,98.2,
2017,1세,2016,DTaP,접종자,399893.0,
2017,1세,2016,DTaP,접종률,97.7,
2017,1세,2016,HepB,접종자,400054.0,
2017,1세,2016,HepB,접종률,97.8,
2017,1세,2016,Hib,접종자,399721.0,
2017,1세,2016,Hib,접종률,97.7,
2017,1세,2016,IPV,접종자,399552.0,
2017,1세,2016,IPV,접종률,97.6,
2017,1세,2016,PCV,접종자,398694.0,
2017,1세,2016,PCV,접종률,97.4,
2017,2세,2015,BCG,접종자,433787.0,
2017,2세,2015,BCG,접종률,98.1,
2017,2세,2015,DTaP,접종자,425620.0,
2017,2세,2015,DTaP,접종률,96.2,
2017,2세,2015,HepB,접종자,432342.0,
2017,2세,2015,HepB,접종률,97.8,
2017,2세,2015,Hib,접종자,424082.0,
2017,2세,2015,Hib,접종률,95.9,
2017,2세,2015,IPV,접종자,432178.0,
2017,2세,2015,IPV,접종률,97.7,
2017,2세,2015,MMR,접종자,431636.0,
2017,2세,2015,MMR,접종률,97.6,
2017,2세,2015,PCV,접종자,428557.0,
2017,2세,2015,PCV,접종률,96.9,
2017,2세,2015,VAR,접종자,431117.0,
2017,2세,2015,VAR,접종률,97.5,
2017,3세,2014,BCG,접종자,429857.0,
2017,3세,2014,BCG,접종률,98.0,
2017,3세,2014,DTaP,접종자,423858.0,
2017,3세,2014,DTaP,접종률,96.6,
2017,3세,2014,HepB,접종자,428162.0,
2017,3세,2014,HepB,접종률,97.6,
2017,3세,2014,Hib,접종자,419969.0,
2017,3세,2014,Hib,접종률,95.7,
2017,3세,2014,IPV,접종자,428632.0,
2017,3세,2014,IPV,접종률,97.7,
2017,3세,2014,JE,접종자,407777.0,
2017,3세,2014,JE,접종률,92.9,
2017,3세,2014,MMR,접종자,428715.0,
2017,3세,2014,MMR,접종률,97.7,
2017,3세,2014,PCV,접종자,424761.0,
2017,3세,2014,PCV,접종률,96.8,
2017,3세,2014,VAR,접종자,427997.0,
2017,3세,2014,VAR,접종률,97.6,
