법령구분,법령명,법령ID,법령일련번호(MST),제개정구분,공포일자,공포번호,시행일자,연혁코드
국토교통부령,감염병의 예방 및 관리에 관한 법률 시행규칙,008083,156806,타법개정,20140708,00106,20140708,연혁
대통령령,전염병예방법시행령,004750,27809,제정,19570228,01257,19570228,연혁
대통령령,전염병예방법시행령,004750,27810,전부개정,19691117,04267,19691117,연혁
대통령령,전염병예방법시행령,004750,27811,일부개정,19770324,08515,19770701,연혁
대통령령,전염병예방법시행령,004750,27812,일부개정,19780519,09026,19780519,연혁
대통령령,전염병예방법시행령,004750,27813,일부개정,19840630,11459,19840630,연혁
대통령령,전염병예방법시행령,004750,27814,타법개정,19901218,13184,19910119,연혁
대통령령,전염병예방법시행령,004750,27815,일부개정,19940707,14320,19940707,연혁
대통령령,전염병예방법시행령,004750,27816,타법개정,19941223,14446,19941223,연혁
대통령령,전염병예방법시행령,004750,27817,일부개정,19941230,14461,19950101,연혁
대통령령,전염병예방법시행령,004750,27818,타법개정,19971231,15598,19980101,연혁
대통령령,전염병예방법시행령,004750,27819,일부개정,19990723,16480,19990809,연혁
대통령령,전염병예방법시행령,004750,59013,일부개정,20000828,16961,20000828,연혁
대통령령,전염병예방법시행령,004750,59114,타법개정,20010707,17296,20010708,연혁
대통령령,전염병예방법시행령,004750,59115,타법개정,20010929,17379,20011001,연혁
대통령령,전염병예방법시행령,004750,59010,일부개정,20030325,17949,20030325,연혁
대통령령,전염병예방법시행령,004750,59011,타법개정,20031129,18146,20031130,연혁
대통령령,전염병예방법시행령,004750,59012,타법개정,20031218,18163,20040117,연혁
대통령령,전염병예방법시행령,004750,61076,일부개정,20040225,18294,20040225,연혁
대통령령,전염병예방법시행령,004750,60954,타법개정,20040317,18312,20040317,연혁
대통령령,전염병예방법시행령,004750,70997,타법개정,20050630,18932,20050701,연혁
대통령령,감염병의 예방 및 관리에 관한 법률 시행령,004750,109583,전부개정,20101229,22564,20101230,연혁
대통령령,감염병의 예방 및 관리에 관한 법률 시행령,004750,119267,타법개정,20111208,23356,20111208,연혁
대통령령,감염병의 예방 및 관리에 관한 법률 시행령,004750,136326,타법개정,20130323,24454,20130323,연혁
대통령령,감염병의 예방 및 관리에 관한 법률 시행령,004750,156366,타법개정,20140707,25448,20140708,연혁
대통령령,감염병의 예방 및 관리에 관한 법률 시행령,004750,158128,타법개정,20140806,25532,20140807,연혁
대통령령,감염병의 예방 및 관리에 관한 법률 시행령,004750,166669,일부개정,20150106,26024,20150707,연혁
대통령령,감염병의 예방 및 관리에 관한 법률 시행령,004750,178950,일부개정,20160106,26865,20160107,연혁
대통령령,감염병의 예방 및 관리에 관한 법률 시행령,004750,179751,타법개정,20160119,26916,20160121,연혁
대통령령,감염병의 예방 및 관리에 관한 법률 시행령,004750,184228,일부개정,20160628,27277,20160630,연혁
대통령령,감염병의 예방 및 관리에 관한 법률 시행령,004750,185471,타법개정,20160811,27445,20160812,연혁
대통령령,감염병의 예방 및 관리에 관한 법률 시행령,004750,192949,타법개정,20170329,27971,20170330,연혁
대통령령,감염병의 예방 및 관리에 관한 법률 시행령,004750,193957,일부개정,20170529,28070,20170603,연혁
대통령령,감염병의 예방 및 관리에 관한 법률 시행령,004750,203826,일부개정,20180612,28962,20180612,연혁
대통령령,감염병의 예방 및 관리에 관한 법률 시행령,004750,204567,타법개정,20180918,29180,20180921,연혁
대통령령,감염병의 예방 및 관리에 관한 법률 시행령,004750,209604,타법개정,20190702,29950,20190702,연혁
대통령령,감염병의 예방 및 관리에 관한 법률 시행령,004750,209865,일부개정,20190709,29961,20190709,연혁
대통령령,감염병의 예방 및 관리에 관한 법률 시행령,004750,216581,일부개정,20200402,30596,20200402,연혁
대통령령,감염병의 예방 및 관리에 관한 법률 시행령,004750,218533,일부개정,20200602,30743,20200602,연혁
대통령령,감염병의 예방 및 관리에 관한 법률 시행령,004750,221691,타법개정,20200911,31013,20200912,연혁
대통령령,감염병의 예방 및 관리에 관한 법률 시행령,004750,222383,일부개정,20201013,31112,20201013,연혁
대통령령,감염병의 예방 및 관리에 관한 법률 시행령,004750,225271,일부개정,20201229,31320,20201230,연혁
대통령령,감염병의 예방 및 관리에 관한 법률 시행령,004750,232099,일부개정,20210511,31681,20210511,연혁
대통령령,감염병의 예방 및 관리에 관한 법률 시행령,004750,232541,일부개정,20210608,31744,20210608,연혁
대통령령,감염병의 예방 및 관리에 관한 법률 시행령,004750,234429,일부개정,20210803,31927,20210803,연혁
대통령령,감염병의 예방 및 관리에 관한 법률 시행령,004750,237671,일부개정,20211214,32212,20211214,연혁
대통령령,감염병의 예방 및 관리에 관한 법률 시행령,004750,239753,일부개정,20220125,32365,20220125,연혁
대통령령,감염병의 예방 및 관리에 관한 법률 시행령,004750,240225,일부개정,20220209,32409,20220209,연혁
대통령령,감염병의 예방 및 관리에 관한 법률 시행령,004750,241029,일부개정,20220224,32506,20220224,연혁
대통령령,감염병의 예방 및 관리에 관한 법률 시행령,004750,241193,타법개정,20220308,32528,20220308,연혁
대통령령,감염병의 예방 및 관리에 관한 법률 시행령,004750,241431,일부개정,20220322,32553,20220322,연혁
대통령령,감염병의 예방 및 관리에 관한 법률 시행령,004750,243825,타법개정,20220711,32790,20220712,연혁
대통령령,감염병의 예방 및 관리에 관한 법률 시행령,004750,243991,일부개정,20220726,32822,20220726,연혁
대통령령,감염병의 예방 및 관리에 관한 법률 시행령,004750,244799,일부개정,20221004,32942,20221004,연혁
대통령령,감염병의 예방 및 관리에 관한 법률 시행령,004750,245537,타법개정,20221129,33004,20221201,연혁
대통령령,감염병의 예방 및 관리에 관한 법률 시행령,004750,252043,일부개정,20230627,33589,20230627,연혁
대통령령,감염병의 예방 및 관리에 관한 법률 시행령,004750,254013,일부개정,20230818,33672,20230818,연혁
대통령령,감염병의 예방 및 관리에 관한 법률 시행령,004750,254735,타법개정,20230912,33723,20230915,연혁
대통령령,감염병의 예방 및 관리에 관한 법률 시행령,004750,255031,일부개정,20230926,33757,20230929,연혁
대통령령,감염병의 예방 및 관리에 관한 법률 시행령,004750,261881,타법개정,20240423,34449,20240601,연혁
대통령령,감염병의 예방 및 관리에 관한 법률 시행령,004750,265241,일부개정,20240910,34883,20240915,연혁
대통령령,감염병의 예방 및 관리에 관한 법률 시행령,004750,271469,일부개정,20250602,35574,20250602,연혁
대통령령,감염병의 예방 및 관리에 관한 법률 시행령,004750,273715,일부개정,20250916,35752,20250916,연혁
대통령령,감염병의 예방 및 관리에 관한 법률 시행령,004750,275193,일부개정,20250930,35788,20251002,연혁
대통령령,감염병의 예방 및 관리에 관한 법률 시행령,004750,281741,타법개정,20251230,35948,20260102,연혁
대통령령,감염병의 예방 및 관리에 관한 법률 시행령,004750,285787,일부개정,20260506,36300,20260624,현행
법률,전염병예방법,001792,59458,제정,19540202,00308,19570228,연혁
법률,전염병예방법,001792,59456,일부개정,19630209,01274,19630312,연혁
법률,전염병예방법,001792,59457,일부개정,19761231,02990,19770701,연혁
법률,전염병예방법,001792,59455,일부개정,19831220,03662,19840621,연혁
법률,전염병예방법,001792,59454,타법개정,19860510,03825,19860610,연혁
법률,전염병예방법,001792,59453,일부개정,19931227,04634,19940628,연혁
법률,전염병예방법,001792,59450,일부개정,19940803,04777,19950101,연혁
법률,전염병예방법,001792,59451,일부개정,19950105,04910,19950105,연혁
법률,전염병예방법,001792,59449,타법개정,19971213,05454,19980101,연혁
법률,전염병예방법,001792,59448,타법개정,19971213,05453,19980101,연혁
법률,전염병예방법,001792,59447,일부개정,19990208,05849,19990809,연혁
법률,전염병예방법,001792,59446,일부개정,20000112,06162,20000801,연혁
법률,전염병예방법,001792,59452,일부개정,20011229,06556,20020630,연혁
법률,전염병예방법,001792,59445,일부개정,20030806,06962,20030806,연혁
법률,전염병예방법,001792,59444,타법개정,20030529,06916,20031130,연혁
법률,전염병예방법,001792,58589,일부개정,20040129,07148,20040129,연혁
법률,전염병예방법,001792,67512,타법개정,20050331,07427,20050331,연혁
법률,전염병예방법,001792,67513,일부개정,20050331,07454,20050701,연혁
법률,전염병예방법,001792,70282,일부개정,20050713,07588,20050713,연혁
법률,전염병예방법,001792,75626,일부개정,20060927,08009,20070101,연혁
법률,전염병예방법,001792,76696,일부개정,20070103,08204,20070404,연혁
법률,전염병예방법,001792,83489,타법개정,20080229,08852,20080229,연혁
법률,감염병의 예방 및 관리에 관한 법률,001792,98649,타법개정,20100118,09932,20101230,연혁
법률,감염병의 예방 및 관리에 관한 법률,001792,98003,전부개정,20091229,09847,20101230,연혁
법률,감염병의 예방 및 관리에 관한 법률,001792,113866,타법개정,20110607,10789,20111208,연혁
법률,감염병의 예방 및 관리에 관한 법률,001792,125531,일부개정,20120523,11439,20121124,연혁
법률,감염병의 예방 및 관리에 관한 법률,001792,133300,일부개정,20130322,11645,20130923,연혁
법률,감염병의 예방 및 관리에 관한 법률,001792,152012,일부개정,20140318,12444,20140919,연혁
법률,감염병의 예방 및 관리에 관한 법률,001792,172762,일부개정,20150706,13392,20150706,연혁
법률,감염병의 예방 및 관리에 관한 법률,001792,178127,일부개정,20151229,13639,20160101,연혁
법률,감염병의 예방 및 관리에 관한 법률,001792,173855,타법개정,20150811,13474,20160812,연혁
법률,감염병의 예방 및 관리에 관한 법률,001792,188046,타법개정,20161202,14286,20170530,연혁
법률,감염병의 예방 및 관리에 관한 법률,001792,188080,일부개정,20161202,14316,20170603,연혁
법률,감염병의 예방 및 관리에 관한 법률,001792,202892,일부개정,20180327,15534,20180327,연혁
법률,감염병의 예방 및 관리에 관한 법률,001792,199529,일부개정,20171212,15183,20180613,연혁
법률,감염병의 예방 및 관리에 관한 법률,001792,203232,타법개정,20180417,15608,20181018,연혁
법률,감염병의 예방 및 관리에 관한 법률,001792,206296,타법개정,20181231,16101,20190101,연혁
법률,감염병의 예방 및 관리에 관한 법률,001792,212045,일부개정,20191203,16725,20191203,연혁
법률,감염병의 예방 및 관리에 관한 법률,001792,215387,일부개정,20200304,17067,20200304,연혁
법률,감염병의 예방 및 관리에 관한 법률,001792,220935,일부개정,20200812,17475,20200812,연혁
법률,감염병의 예방 및 관리에 관한 법률,001792,220871,타법개정,20200811,17472,20200912,연혁
법률,감염병의 예방 및 관리에 관한 법률,001792,222243,일부개정,20200929,17491,20200929,연혁
법률,감염병의 예방 및 관리에 관한 법률,001792,224105,일부개정,20201215,17642,20201215,연혁
법률,감염병의 예방 및 관리에 관한 법률,001792,224445,타법개정,20201222,17689,20210101,연혁
법률,감염병의 예방 및 관리에 관한 법률,001792,224333,타법개정,20201222,17653,20210101,연혁
법률,감염병의 예방 및 관리에 관한 법률,001792,230085,일부개정,20210309,17920,20210309,연혁
법률,감염병의 예방 및 관리에 관한 법률,001792,236301,일부개정,20211019,18507,20211019,연혁
법률,감염병의 예방 및 관리에 관한 법률,001792,228493,타법개정,20210112,17893,20220113,연혁
법률,감염병의 예방 및 관리에 관한 법률,001792,238051,일부개정,20211221,18603,20220322,연혁
법률,감염병의 예방 및 관리에 관한 법률,001792,239281,타법개정,20220111,18744,20220712,연혁
법률,감염병의 예방 및 관리에 관한 법률,001792,242981,일부개정,20220610,18893,20221211,연혁
법률,감염병의 예방 및 관리에 관한 법률,001792,251249,일부개정,20230519,19419,20230519,연혁
법률,감염병의 예방 및 관리에 관한 법률,001792,251735,일부개정,20230613,19441,20230613,연혁
법률,감염병의 예방 및 관리에 관한 법률,001792,249297,일부개정,20230328,19290,20230629,연혁
법률,감염병의 예방 및 관리에 관한 법률,001792,253631,일부개정,20230808,19603,20230808,연혁
법률,감염병의 예방 및 관리에 관한 법률,001792,254851,일부개정,20230914,19715,20231215,연혁
법률,감염병의 예방 및 관리에 관한 법률,001792,247857,타법개정,20230117,19213,20240118,연혁
법률,감염병의 예방 및 관리에 관한 법률,001792,254051,일부개정,20230816,19644,20240217,연혁
법률,감염병의 예방 및 관리에 관한 법률,001792,259089,일부개정,20240123,20090,20240424,연혁
법률,감염병의 예방 및 관리에 관한 법률,001792,267371,일부개정,20241220,20583,20250621,연혁
법률,감염병의 예방 및 관리에 관한 법률,001792,265455,타법개정,20240920,20445,20250621,연혁
법률,감염병의 예방 및 관리에 관한 법률,001792,259527,타법개정,20240130,20171,20250731,연혁
법률,감염병의 예방 및 관리에 관한 법률,001792,270385,일부개정,20250401,20873,20251002,연혁
법률,감염병의 예방 및 관리에 관한 법률,001792,277211,타법개정,20251001,21065,20260102,연혁
법률,감염병의 예방 및 관리에 관한 법률,001792,280445,일부개정,20251223,21234,20260624,현행
법률,감염병의 예방 및 관리에 관한 법률,001792,285325,일부개정,20260407,21521,20261008,시행예정
법률,감염병의 예방 및 관리에 관한 법률,001792,286759,일부개정,20260609,21772,20261210,시행예정
보건복지부령,전염병예방법시행규칙,008083,45481,일부개정,19950110,00004,19950110,연혁
보건복지부령,전염병예방법시행규칙,008083,45482,일부개정,19990828,00131,19990828,연혁
보건복지부령,전염병예방법시행규칙,008083,59593,일부개정,20001005,00179,20001005,연혁
보건복지부령,전염병예방법시행규칙,008083,59592,일부개정,20020517,00216,20020517,연혁
보건복지부령,전염병예방법시행규칙,008083,60056,타법개정,20031227,00264,20031227,연혁
보건복지부령,전염병예방법시행규칙,008083,61796,일부개정,20040419,00283,20040419,연혁
보건복지부령,전염병예방법시행규칙,008083,70009,타법개정,20050608,00317,20050608,연혁
보건복지부령,전염병예방법시행규칙,008083,71966,타법개정,20051017,00333,20051017,연혁
보건복지부령,감염병의 예방 및 관리에 관한 법률 시행규칙,008083,109743,전부개정,20101230,00032,20101230,연혁
보건복지부령,감염병의 예방 및 관리에 관한 법률 시행규칙,008083,119362,타법개정,20111208,00092,20111208,연혁
보건복지부령,감염병의 예방 및 관리에 관한 법률 시행규칙,008083,129926,일부개정,20121123,00171,20121124,연혁
보건복지부령,감염병의 예방 및 관리에 관한 법률 시행규칙,008083,137859,타법개정,20130323,00185,20130323,연혁
보건복지부령,감염병의 예방 및 관리에 관한 법률 시행규칙,008083,144302,일부개정,20130923,00209,20130923,연혁
보건복지부령,감염병의 예방 및 관리에 관한 법률 시행규칙,008083,149117,타법개정,20131231,00228,20140101,연혁
보건복지부령,감염병의 예방 및 관리에 관한 법률 시행규칙,008083,159663,일부개정,20140919,00260,20140919,연혁
보건복지부령,감염병의 예방 및 관리에 관한 법률 시행규칙,008083,166073,일부개정,20141231,00281,20141231,연혁
보건복지부령,감염병의 예방 및 관리에 관한 법률 시행규칙,008083,166782,타법개정,20150105,00283,20150105,연혁
보건복지부령,감염병의 예방 및 관리에 관한 법률 시행규칙,008083,172882,일부개정,20150707,00331,20150707,연혁
보건복지부령,감염병의 예방 및 관리에 관한 법률 시행규칙,008083,169802,일부개정,20150327,00307,20150928,연혁
보건복지부령,감염병의 예방 및 관리에 관한 법률 시행규칙,008083,176474,타법개정,20151118,00365,20151119,연혁
보건복지부령,감염병의 예방 및 관리에 관한 법률 시행규칙,008083,179333,일부개정,20160107,00391,20160107,연혁
보건복지부령,감염병의 예방 및 관리에 관한 법률 시행규칙,008083,184481,일부개정,20160630,00416,20160630,연혁
보건복지부령,감염병의 예방 및 관리에 관한 법률 시행규칙,008083,194122,일부개정,20170602,00499,20170603,연혁
보건복지부령,감염병의 예방 및 관리에 관한 법률 시행규칙,008083,203860,일부개정,20180612,00576,20180613,연혁
보건복지부령,감염병의 예방 및 관리에 관한 법률 시행규칙,008083,204702,일부개정,20180927,00593,20180928,연혁
보건복지부령,감염병의 예방 및 관리에 관한 법률 시행규칙,008083,206245,타법개정,20181228,00606,20190101,연혁
보건복지부령,감염병의 예방 및 관리에 관한 법률 시행규칙,008083,210596,타법개정,20190927,00672,20190927,연혁
보건복지부령,감염병의 예방 및 관리에 관한 법률 시행규칙,008083,211441,일부개정,20191122,00687,20191122,연혁
보건복지부령,감염병의 예방 및 관리에 관한 법률 시행규칙,008083,215495,일부개정,20200304,00713,20200304,연혁
보건복지부령,감염병의 예방 및 관리에 관한 법률 시행규칙,008083,216601,일부개정,20200403,00717,20200405,연혁
보건복지부령,감염병의 예방 및 관리에 관한 법률 시행규칙,008083,219551,일부개정,20200604,00734,20200604,연혁
보건복지부령,감염병의 예방 및 관리에 관한 법률 시행규칙,008083,221781,타법개정,20200911,00749,20200912,연혁
보건복지부령,감염병의 예방 및 관리에 관한 법률 시행규칙,008083,222315,일부개정,20201007,00754,20201007,연혁
보건복지부령,감염병의 예방 및 관리에 관한 법률 시행규칙,008083,225743,일부개정,20201230,00772,20201230,연혁
보건복지부령,감염병의 예방 및 관리에 관한 법률 시행규칙,008083,232335,일부개정,20210524,00799,20210524,연혁
보건복지부령,감염병의 예방 및 관리에 관한 법률 시행규칙,008083,233881,일부개정,20210708,00818,20210708,연혁
보건복지부령,감염병의 예방 및 관리에 관한 법률 시행규칙,008083,234915,일부개정,20210813,00823,20210813,연혁
보건복지부령,감염병의 예방 및 관리에 관한 법률 시행규칙,008083,238985,일부개정,20211230,00848,20211230,연혁
보건복지부령,감염병의 예방 및 관리에 관한 법률 시행규칙,008083,240151,일부개정,20220128,00859,20220128,연혁
보건복지부령,감염병의 예방 및 관리에 관한 법률 시행규칙,008083,240375,일부개정,20220209,00864,20220209,연혁
보건복지부령,감염병의 예방 및 관리에 관한 법률 시행규칙,008083,241481,일부개정,20220322,00873,20220322,연혁
보건복지부령,감염병의 예방 및 관리에 관한 법률 시행규칙,008083,241845,일부개정,20220420,00883,20220420,연혁
보건복지부령,감염병의 예방 및 관리에 관한 법률 시행규칙,008083,242051,일부개정,20220504,00885,20220504,연혁
보건복지부령,감염병의 예방 및 관리에 관한 법률 시행규칙,008083,252795,일부개정,20230713,00949,20230713,연혁
보건복지부령,감염병의 예방 및 관리에 관한 법률 시행규칙,008083,255063,일부개정,20230922,00965,20230922,연혁
보건복지부령,감염병의 예방 및 관리에 관한 법률 시행규칙,008083,257885,일부개정,20231229,00990,20240101,연혁
보건복지부령,감염병의 예방 및 관리에 관한 법률 시행규칙,008083,261955,일부개정,20240423,01008,20240601,연혁
보건복지부령,감염병의 예방 및 관리에 관한 법률 시행규칙,008083,264399,일부개정,20240724,01038,20240724,연혁
보건복지부령,감염병의 예방 및 관리에 관한 법률 시행규칙,008083,266995,일부개정,20241206,01073,20241206,연혁
보건복지부령,감염병의 예방 및 관리에 관한 법률 시행규칙,008083,270225,일부개정,20250320,01100,20250320,연혁
보건복지부령,감염병의 예방 및 관리에 관한 법률 시행규칙,008083,271529,일부개정,20250602,01114,20250602,연혁
보건복지부령,감염병의 예방 및 관리에 관한 법률 시행규칙,008083,279419,타법개정,20251031,01133,20251031,연혁
보건복지부령,감염병의 예방 및 관리에 관한 법률 시행규칙,008083,282387,일부개정,20251231,01144,20251231,현행
보건사회부령,전염병예방법시행규칙,008083,47187,제정,19770819,00570,19770819,연혁
보건사회부령,전염병예방법시행규칙,008083,47188,일부개정,19790621,00629,19790621,연혁
보건사회부령,전염병예방법시행규칙,008083,47189,일부개정,19840903,00753,19840903,연혁
보건사회부령,전염병예방법시행규칙,008083,45478,타법개정,19890228,00827,19890228,연혁
보건사회부령,전염병예방법시행규칙,008083,45479,일부개정,19930625,00909,19930625,연혁
보건사회부령,전염병예방법시행규칙,008083,45480,일부개정,19940912,00943,19940912,연혁
