ISO3,국가,지역,직항도착여객(환승제외),환승여객,도착편수,외국인입국자(국적),검역관리지역_종수,중점_종수,유입신고_건수,유입신고_질병,건수_백만직항여객당,건수_백만입국자당,국적/노선비
ABW,아루바,아메리카,,,,,1,0,0,,,,
AFG,아프가니스탄,아시아,,,,921,5,0,0,,,0.0,
AGO,앙골라,아프리카,,,,800,6,0,0,,,0.0,
AIA,앵귈라,아메리카,,,,,1,0,0,,,,
ALB,알바니아,유럽,,,,2611,0,0,0,,,0.0,
AND,안도라,유럽,,,,265,0,0,0,,,0.0,
ARE,아랍에미리트,아시아,928137,19088,3308,22489,2,1,0,,0.0,0.0,0.02
ARG,아르헨티나,아메리카,,,,24796,4,0,0,,,0.0,
ARM,아르메니아,아시아,,,,1137,1,0,0,,,0.0,
ATG,앤티가바부다,아메리카,,,,456,1,0,0,,,0.0,
AUS,오스트레일리아,오세아니아,1176901,78993,4435,686083,1,0,0,,0.0,0.0,0.58
AUT,오스트리아,유럽,114126,7780,481,44536,1,0,0,,0.0,0.0,0.39
AZE,아제르바이잔,아시아,,,,5723,0,0,0,,,0.0,
BDI,부룬디,아프리카,,,,1155,4,0,0,,,0.0,
BEL,벨기에,유럽,,,,56227,1,0,0,,,0.0,
BEN,베냉,아프리카,,,,413,4,0,0,,,0.0,
BFA,부르키나파소,아프리카,,,,352,3,0,1,말라리아(1),,2840.91,
BGD,방글라데시,아시아,16604,4,79,70953,6,2,1,수두(1),60.23,14.09,4.27
BGR,불가리아,유럽,,,,19885,0,0,0,,,0.0,
BHR,바레인,아시아,,,,2357,1,1,0,,,0.0,
BHS,바하마,아메리카,,,,742,0,0,0,,,0.0,
BIH,보스니아헤르체고비나,유럽,,,,720,1,0,0,,,0.0,
BLM,생바르텔르미,아메리카,,,,,1,0,0,,,,
BLR,벨라루스,유럽,,,,6481,0,0,0,,,0.0,
BLZ,벨리즈,아메리카,,,,260,2,0,0,,,0.0,
BOL,볼리비아,아메리카,,,,1524,5,0,0,,,0.0,
BRA,브라질,아메리카,,,,104878,4,0,1,뎅기열(1),,9.53,
BRB,바베이도스,아메리카,,,,437,2,0,0,,,0.0,
BRN,브루나이,아시아,38286,186,401,19423,0,0,0,,0.0,0.0,0.51
BTN,부탄,아시아,,,,1594,1,0,0,,,0.0,
BWA,보츠와나,아프리카,,,,719,1,0,0,,,0.0,
CAF,중앙아프리카공화국,아프리카,,,,142,4,0,0,,,0.0,
CAN,캐나다,아메리카,828583,516074,4875,733359,1,0,0,,0.0,0.0,0.89
CHE,스위스,유럽,105253,2910,458,77470,0,0,0,,0.0,0.0,0.74
CHL,칠레,아메리카,,,,22169,1,0,0,,,0.0,
CHN,중국,아시아,19618314,1572755,137367,14144326,2,1,19,C형간염(5); 수두(4); 매독(잠복)(2); A형간염(2); 유행성이하선염(1); 백일해(1); 카바페넴내성장내세균목(CRE) 감염증(1); 성홍열(1); 레지오넬라증(1); 매독(1기)(1),0.97,1.34,0.72
CIV,코트디부아르,아프리카,,,,1719,4,0,1,말라리아(1),,581.73,
CMR,카메룬,아프리카,,,,1720,3,0,0,,,0.0,
COD,콩고민주공화국,아프리카,,,,1360,7,2,0,,,0.0,
COG,콩고공화국,아프리카,,,,216,4,0,0,,,0.0,
COK,쿡제도,오세아니아,,,,,1,0,0,,,,
COL,콜롬비아,아메리카,,,,39401,4,0,0,,,0.0,
COM,코모로,아프리카,,,,116,3,0,0,,,0.0,
CPV,카보베르데,아프리카,,,,183,1,0,0,,,0.0,
CRI,코스타리카,아메리카,,,,7259,3,0,0,,,0.0,
CUB,쿠바,아메리카,,,,722,2,0,0,,,0.0,
CYP,키프로스,아시아,,,,3682,0,0,0,,,0.0,
CZE,체코,유럽,166482,15860,691,34651,0,0,0,,0.0,0.0,0.21
DEU,독일,유럽,862058,35614,3433,452581,1,0,1,매독(잠복)(1),1.16,2.21,0.53
DJI,지부티,아프리카,,,,68,1,0,0,,,0.0,
DMA,도미니카연방,아메리카,,,,1520,0,0,0,,,0.0,
DNK,덴마크,유럽,46524,740,184,48226,0,0,0,,0.0,0.0,1.04
DOM,도미니카공화국,아메리카,,,,4916,1,0,0,,,0.0,
DZA,알제리,아프리카,,,,4646,1,0,0,,,0.0,
ECU,에콰도르,아메리카,,,,8674,2,0,0,,,0.0,
EGY,이집트,아프리카,12585,73,49,18523,0,0,1,매독(1기)(1),79.46,53.99,1.47
ERI,에리트레아,아프리카,,,,79,2,0,0,,,0.0,
ESP,스페인,유럽,409853,23046,1697,143952,1,0,2,수두(2),4.88,13.89,0.35
EST,에스토니아,유럽,,,,7142,0,0,0,,,0.0,
ETH,에티오피아,아프리카,91824,7697,806,27133,7,1,2,말라리아(2),21.78,73.71,0.3
FIN,핀란드,유럽,230128,5881,917,40945,0,0,0,,0.0,0.0,0.18
FJI,피지,오세아니아,,,,2492,1,0,0,,,0.0,
FRA,프랑스,유럽,743177,49315,2959,468282,3,0,0,,0.0,0.0,0.63
FSM,미크로네시아,오세아니아,,,,936,1,0,0,,,0.0,
GAB,가봉,아프리카,,,,581,2,0,1,말라리아(1),,1721.17,
GBR,영국,유럽,415948,55459,1929,450896,1,0,0,,0.0,0.0,1.08
GEO,조지아,아시아,2232,0,8,4883,1,0,0,,0.0,0.0,2.19
GHA,가나,아프리카,,,,6213,4,0,1,말라리아(1),,160.95,
GIN,기니,아프리카,,,,422,4,0,1,말라리아(1),,2369.67,
GLP,과들루프,아메리카,,,,,1,0,0,,,,
GMB,감비아,아프리카,,,,964,2,0,0,,,0.0,
GNB,기니비사우,아프리카,,,,76,2,0,0,,,0.0,
GNQ,적도기니,아프리카,,,,295,2,0,1,말라리아(1),,3389.83,
GRC,그리스,유럽,7484,9,30,32018,1,0,0,,0.0,0.0,4.28
GRD,그레나다,아메리카,,,,851,1,0,0,,,0.0,
GTM,과테말라,아메리카,,,,4880,3,0,0,,,0.0,
GUF,프랑스령기아나,아메리카,,,,,3,0,0,,,,
GUM,괌,오세아니아,986190,33819,6379,,0,0,0,,0.0,,
GUY,가이아나,아메리카,,,,609,3,0,0,,,0.0,
HKG,홍콩,아시아,3971674,211061,20142,1603854,0,0,4,수두(2); 성홍열(2),1.01,2.49,0.4
HND,온두라스,아메리카,,,,4544,3,0,1,뎅기열(1),,220.07,
HRV,크로아티아,유럽,33499,1079,142,17775,0,0,0,,0.0,0.0,0.53
HTI,아이티,아메리카,,,,348,1,0,0,,,0.0,
HUN,헝가리,유럽,159552,9128,692,24971,0,0,1,유행성이하선염(1),6.27,40.05,0.16
IDN,인도네시아,아시아,1279182,147885,6563,969594,5,0,18,뎅기열(11); 말라리아(2); 수두(1); 매독(1기)(1); 매독(잠복)(1); 지카바이러스감염증(1); 치쿤구니야열(1),14.07,18.56,0.76
IND,인도,아시아,213223,38125,1143,520941,6,2,4,치쿤구니야열(1); 뎅기열(1); A형간염(1); 매독(1기)(1),18.76,7.68,2.44
IRL,아일랜드,유럽,,,,38604,0,0,0,,,0.0,
IRN,이란,아시아,,,,10293,2,1,0,,,0.0,
IRQ,이라크,아시아,62,0,1,6447,4,1,0,,0.0,0.0,103.98
ISL,아이슬란드,유럽,,,,2191,0,0,0,,,0.0,
ISR,이스라엘,아시아,,,,53236,2,1,0,,,0.0,
ITA,이탈리아,유럽,554951,34726,2279,197653,3,0,0,,0.0,0.0,0.36
JAM,자메이카,아메리카,,,,3551,1,0,0,,,0.0,
JOR,요르단,아시아,320,0,1,6569,1,1,0,,0.0,0.0,20.53
JPN,일본,아시아,34465885,1220133,190506,9254774,0,0,10,수두(3); 백일해(2); C형간염(1); 매독(잠복)(1); A형간염(1); 엠폭스(원숭이두창)(1); 매독(2기)(1),0.29,1.08,0.27
KAZ,카자흐스탄,아시아,253486,35750,1813,173025,2,0,0,,0.0,0.0,0.68
KEN,케냐,아프리카,,,,13383,6,0,0,,,0.0,
KGZ,키르기스스탄,아시아,28880,4920,278,34512,1,0,0,,0.0,0.0,1.2
KHM,캄보디아,아시아,349321,109840,2635,147103,3,1,7,뎅기열(3); 세균성이질(1); 매독(2기)(1); 매독(잠복)(1); 유비저(1),20.04,47.59,0.42
KIR,키리바시,오세아니아,,,,441,1,0,0,,,0.0,
KNA,세인트키츠네비스,아메리카,,,,2006,1,0,0,,,0.0,
KWT,쿠웨이트,아시아,,,,9873,1,1,0,,,0.0,
LAO,라오스,아시아,470410,8528,3041,75761,3,0,11,뎅기열(5); 매독(1기)(2); 매독(잠복)(1); 필리핀(1) 매독(2기)(1); 유비저(1); 세균성이질(1),23.38,145.19,0.16
LBN,레바논,아시아,593,0,4,2881,2,1,0,,0.0,0.0,4.86
LBR,라이베리아,아프리카,,,,520,4,0,0,,,0.0,
LBY,리비아,아프리카,,,,5906,1,0,0,,,0.0,
LCA,세인트루시아,아메리카,,,,836,1,0,0,,,0.0,
LIE,리히텐슈타인,유럽,,,,285,0,0,0,,,0.0,
LKA,스리랑카,아시아,54327,2302,270,75389,2,0,1,뎅기열(1),18.41,13.26,1.39
LSO,레소토,아프리카,,,,217,1,0,0,,,0.0,
LTU,리투아니아,유럽,,,,15155,0,0,0,,,0.0,
LUX,룩셈부르크,유럽,,,,4782,0,0,0,,,0.0,
LVA,라트비아,유럽,,,,8889,0,0,0,,,0.0,
MAC,마카오,아시아,643628,4101,4284,120078,0,0,0,,0.0,0.0,0.19
MAF,세인트마틴,아메리카,,,,,1,0,0,,,,
MAR,모로코,아프리카,,,,14979,1,0,0,,,0.0,
MCO,모나코,유럽,,,,162,0,0,0,,,0.0,
MDA,몰도바,유럽,,,,1229,1,0,0,,,0.0,
MDG,마다가스카르,아프리카,,,,5669,4,1,0,,,0.0,
MDV,몰디브,아시아,,,,732,2,0,1,뎅기열(1),,1366.12,
MEX,멕시코,아메리카,129716,11126,674,199081,4,0,1,매독(잠복)(1),7.71,5.02,1.53
MHL,마셜제도,오세아니아,,,,538,0,0,0,,,0.0,
MKD,북마케도니아,유럽,,,,356,0,0,0,,,0.0,
MLI,말리,아프리카,,,,383,3,0,0,,,0.0,
MLT,몰타,유럽,,,,2669,0,0,0,,,0.0,
MMR,미얀마,아시아,80679,6539,684,242910,2,0,3,A형간염(1); 말라리아(1); 한센병(1),37.18,12.35,3.01
MNE,몬테네그로,유럽,,,,5481,0,0,0,,,0.0,
MNG,몽골,아시아,869875,135499,5874,433404,2,1,9,매독(잠복)(4); C형간염(4); 백일해(1),10.35,20.77,0.5
MNP,사이판,오세아니아,322410,20659,2179,,0,0,0,,0.0,,
MOZ,모잠비크,아프리카,,,,878,2,0,0,,,0.0,
MRT,모리타니,아프리카,,,,280,3,0,0,,,0.0,
MTQ,마르티니크,아메리카,,,,,1,0,0,,,,
MUS,모리셔스,아프리카,,,,5264,2,0,0,,,0.0,
MWI,말라위,아프리카,,,,702,2,0,0,,,0.0,
MYS,말레이시아,아시아,1639336,36549,8462,821754,3,0,4,수두(1); 레지오넬라증(1); 신증후군출혈열(1); 뎅기열(1),2.44,4.87,0.5
MYT,마요트,아프리카,,,,,2,0,0,,,,
NAM,나미비아,아프리카,,,,459,2,0,0,,,0.0,
NCL,뉴칼레도니아,오세아니아,,,,1,1,0,0,,,0.0,
NER,니제르,아프리카,,,,101,3,0,0,,,0.0,
NFK,노퍽섬,오세아니아,,,,8,0,0,0,,,0.0,
NGA,나이지리아,아프리카,,,,6269,6,0,2,말라리아(2),,319.03,
NIC,니카라과,아메리카,,,,1529,1,0,0,,,0.0,
NLD,네덜란드,유럽,363422,29818,1427,160391,1,0,0,,0.0,0.0,0.44
NOR,노르웨이,유럽,8678,112,35,40233,0,0,0,,0.0,0.0,4.64
NPL,네팔,아시아,47360,36822,360,127096,3,0,2,매독(1기)(2),42.23,15.74,2.68
NRU,나우루,오세아니아,0,5,1,135,1,0,0,,,0.0,
NZL,뉴질랜드,오세아니아,165398,13796,749,114525,0,0,0,,0.0,0.0,0.69
OMN,오만,아시아,50,28,1,5043,1,1,0,,0.0,0.0,100.86
PAK,파키스탄,아시아,,,,45750,6,0,0,,,0.0,
PAN,파나마,아메리카,,,,4608,3,0,0,,,0.0,
PER,페루,아메리카,,,,19144,4,0,0,,,0.0,
PHL,필리핀,아시아,4745510,825478,30407,1575265,4,0,20,뎅기열(5); 매독(1기)(4); 세균성이질(3); 매독(2기)(3); 백일해(2); 매독(잠복)(1); A형간염(1); 수두(1),4.21,12.7,0.33
PLW,팔라우,오세아니아,,,,394,1,0,0,,,0.0,
PNG,파푸아뉴기니,오세아니아,,,,1158,1,0,0,,,0.0,
POL,폴란드,유럽,187738,4064,825,137442,1,0,0,,0.0,0.0,0.73
PRI,푸에르토리코,아메리카,,,,,1,0,0,,,,
PRK,북한,아시아,,,,,0,0,1,C형간염(1),,,
PRT,포르투갈,유럽,70058,1846,294,43464,0,0,0,,0.0,0.0,0.62
PRY,파라과이,아메리카,,,,2608,3,0,0,,,0.0,
PSE,팔레스타인,아시아,,,,695,1,0,0,,,0.0,
PYF,프랑스령폴리네시아,오세아니아,,,,,1,0,0,,,,
QAT,카타르,아시아,325378,7859,1014,5657,2,1,0,,0.0,0.0,0.02
REU,레위니옹,아프리카,,,,,2,0,0,,,,
ROU,루마니아,유럽,,,,48830,1,0,0,,,0.0,
RUS,러시아,유럽,2486,0,9,583139,1,0,4,C형간염(3); 수두(1),1609.01,6.86,234.57
RWA,르완다,아프리카,,,,2370,4,1,0,,,0.0,
SAU,사우디아라비아,아시아,10549,291,79,53589,2,1,0,,0.0,0.0,5.08
SDN,수단,아프리카,533,0,4,1148,5,0,0,,0.0,0.0,2.15
SEN,세네갈,아프리카,,,,1303,5,0,1,말라리아(1),,767.46,
SGP,싱가포르,아시아,2793817,124444,12727,1002396,2,0,2,말라리아(1); 수두(1),0.72,2.0,0.36
SLB,솔로몬 제도,오세아니아,,,,443,1,0,0,,,0.0,
SLE,시에라리온,아프리카,,,,367,3,0,0,,,0.0,
SLV,엘살바도르,아메리카,,,,3133,3,0,0,,,0.0,
SMR,산마리노,유럽,,,,76,0,0,0,,,0.0,
SOM,소말리아,아프리카,,,,119,4,0,0,,,0.0,
SRB,세르비아,유럽,,,,10282,1,0,0,,,0.0,
SSD,남수단,아프리카,,,,163,5,1,6,말라리아(6),,36809.82,
STP,상투메프린시페,아프리카,,,,32,0,0,0,,,0.0,
SUR,수리남,아메리카,,,,279,3,0,0,,,0.0,
SVK,슬로바키아,유럽,,,,13907,0,0,0,,,0.0,
SVN,슬로베니아,유럽,,,,6697,0,0,0,,,0.0,
SWE,스웨덴,유럽,565,0,2,67206,0,0,0,,0.0,0.0,118.95
SWZ,에스와티니,아프리카,,,,581,0,0,0,,,0.0,
SXM,신트마르턴,아메리카,,,,,1,0,0,,,,
SYC,세이셸,아프리카,,,,261,2,0,0,,,0.0,
SYR,시리아,아시아,,,,6639,3,1,0,,,0.0,
TCA,터크스케이커스,아메리카,,,,,1,0,0,,,,
TCD,차드,아프리카,,,,90,5,0,0,,,0.0,
TGO,토고,아프리카,,,,410,4,0,0,,,0.0,
THA,태국,아시아,4934962,494632,25180,887778,4,0,18,매독(1기)(5); 매독(잠복)(5); 매독(2기)(4); 뎅기열(3); 수두(1),3.65,20.28,0.18
TJK,타지키스탄,아시아,,,,17840,1,0,0,,,0.0,
TKL,토켈라우,오세아니아,,,,6,1,0,0,,,0.0,
TKM,투르크메니스탄,아시아,7426,38,55,4403,0,0,0,,0.0,0.0,0.59
TLS,동티모르,아시아,,,,5235,1,0,0,,,0.0,
TON,통가,오세아니아,,,,389,1,0,0,,,0.0,
TTO,트리니다드토바고,아메리카,,,,1815,2,0,0,,,0.0,
TUN,튀니지,아프리카,,,,8634,1,0,0,,,0.0,
TUR,터키,아시아,722115,23087,2561,157028,2,0,0,,0.0,0.0,0.22
TUV,투발루,오세아니아,,,,213,1,0,0,,,0.0,
TWN,대만,아시아,7317170,105556,37147,4857566,1,0,2,뎅기열(1); 매독(1기)(1),0.27,0.41,0.66
TZA,탄자니아,아프리카,,,,5378,5,0,3,말라리아(1); 세균성이질(1); 장출혈성대장균감염증(1),,557.83,
UGA,우간다,아프리카,,,,2648,6,1,2,말라리아(2),,755.29,
UKR,우크라이나,유럽,,,,63273,1,0,0,,,0.0,
URY,우루과이,아메리카,,,,3035,1,0,0,,,0.0,
USA,미국,아메리카,4884889,2971840,29089,4015654,5,2,5,매독(2기)(1); 매독(1기)(1); 성홍열(1); 유행성이하선염(1); C형간염(1),1.02,1.25,0.82
UZB,우즈베키스탄,아시아,358639,43860,1930,188900,1,0,2,홍역(1); C형간염(1),5.58,10.59,0.53
VAT,교황청,유럽,,,,24,0,0,0,,,0.0,
VCT,세인트빈센트그레나딘,아메리카,,,,377,1,0,0,,,0.0,
VEN,베네수엘라,아메리카,,,,5748,1,0,0,,,0.0,
VGB,영국령버진아일랜드,아메리카,,,,,1,0,0,,,,
VIR,미국령버진아일랜드,아메리카,,,,,1,0,0,,,,
VNM,베트남,아시아,12880150,677165,68674,1628758,2,0,29,뎅기열(10); 수두(7); 홍역(3); 유행성이하선염(2); 매독(2기)(2); 매독(1기)(2); 세균성이질(1); 백일해(1); 매독(3기)(1),2.25,17.8,0.13
VUT,바누아투,오세아니아,,,,822,1,0,0,,,0.0,
WLF,왈리스푸투나,오세아니아,,,,,1,0,0,,,,
WSM,사모아,오세아니아,,,,916,1,0,0,,,0.0,
XKX,코소보,유럽,,,,432,0,0,0,,,0.0,
YEM,예멘,아시아,,,,2703,4,1,1,매독(잠복)(1),,369.96,
ZAF,남아프리카공화국,아프리카,,,,48613,1,0,3,매독(1기)(1); 매독(잠복)(1); 파라티푸스(1),,61.71,
ZMB,잠비아,아프리카,,,,1051,3,0,0,,,0.0,
ZWE,짐바브웨,아프리카,,,,7922,1,0,0,,,0.0,
