연도,주차,기준일,급,감염병,금주신고수,연누계,5년주별평균,예년대비배수,열부분추출,출처호
2023,52,2023-12-30,2,결핵,305,15920,291.0,1.05,,17-1
2023,52,2023-12-30,2,수두,656,26801,1376.0,0.48,,17-1
2023,52,2023-12-30,2,홍역,0,8,0.0,,,17-1
2023,52,2023-12-30,2,콜레라,0,0,0.0,,,17-1
2023,52,2023-12-30,2,장티푸스,2,21,2.0,1.0,,17-1
2023,52,2023-12-30,2,파라티푸스,3,28,1.0,3.0,,17-1
2023,52,2023-12-30,2,세균성이질,0,37,2.0,0.0,,17-1
2023,52,2023-12-30,2,장출혈성대장균감염증,1,217,1.0,1.0,,17-1
2023,52,2023-12-30,2,A형간염,24,1315,60.0,0.4,,17-1
2023,52,2023-12-30,2,백일해,15,288,7.0,2.14,,17-1
2023,52,2023-12-30,2,유행성이하선염,82,7730,181.0,0.45,,17-1
2023,52,2023-12-30,2,풍진,0,0,0.0,,,17-1
2023,52,2023-12-30,2,수막구균 감염증,0,10,0.0,,,17-1
2023,52,2023-12-30,2,폐렴구균 감염증,6,424,12.0,0.5,,17-1
2023,52,2023-12-30,2,한센병,1,3,0.0,,,17-1
2023,52,2023-12-30,2,성홍열,36,807,69.0,0.52,,17-1
2023,52,2023-12-30,2,반코마이신내성황색 포도알균(VRSA) 감염증,0,2,0.0,,,17-1
2023,52,2023-12-30,2,카바페넴내성장내세균목(CRE) 감염증,449,38156,362.0,1.24,,17-1
2023,52,2023-12-30,2,E형간염,11,570,,,,17-1
2023,52,2023-12-30,2,엠폭스(원숭이두창),0,151,,,,17-1
2023,52,2023-12-30,3,파상풍,0,27,0.0,,,17-1
2023,52,2023-12-30,3,B형간염,1,314,8.0,0.12,,17-1
2023,52,2023-12-30,3,일본뇌염,0,16,0.0,,,17-1
2023,52,2023-12-30,3,C형간염,75,7196,184.0,0.41,,17-1
2023,52,2023-12-30,3,말라리아,1,744,1.0,1.0,,17-1
2023,52,2023-12-30,3,레지오넬라증,10,514,8.0,1.25,,17-1
2023,52,2023-12-30,3,비브리오패혈증,0,69,0.0,,,17-1
2023,52,2023-12-30,3,발진열,6,34,0.0,,,17-1
2023,52,2023-12-30,3,쯔쯔가무시증,31,5638,58.0,0.53,,17-1
2023,52,2023-12-30,3,렙토스피라증,0,51,2.0,0.0,,17-1
2023,52,2023-12-30,3,브루셀라증,0,5,0.0,,,17-1
2023,52,2023-12-30,3,신증후군출혈열,7,451,7.0,1.0,,17-1
2023,52,2023-12-30,3,후천성면역결핍증(AIDS),14,748,24.0,0.58,,17-1
2023,52,2023-12-30,3,크로이츠펠트-야콥병(CJD),0,54,1.0,0.0,,17-1
2023,52,2023-12-30,3,뎅기열,1,201,2.0,0.5,,17-1
2023,52,2023-12-30,3,큐열,0,57,1.0,0.0,,17-1
2023,52,2023-12-30,3,라임병,0,65,0.0,,,17-1
2023,52,2023-12-30,3,유비저,0,2,0.0,,,17-1
2023,52,2023-12-30,3,치쿤구니야열,0,13,0.0,,,17-1
2023,52,2023-12-30,3,중증열성혈소판감소 증후군(SFTS),0,200,0.0,,,17-1
2023,52,2023-12-30,3,지카바이러스감염증,0,2,0.0,,,17-1
2024,1,2024-01-06,2,결핵,325,325,383.0,0.85,,17-2
2024,1,2024-01-06,2,수두,660,632,1188.0,0.56,,17-2
2024,1,2024-01-06,2,홍역,0,0,1.0,0.0,,17-2
2024,1,2024-01-06,2,콜레라,0,0,0.0,,,17-2
2024,1,2024-01-06,2,장티푸스,1,1,2.0,0.5,,17-2
2024,1,2024-01-06,2,파라티푸스,5,5,0.0,,,17-2
2024,1,2024-01-06,2,세균성이질,0,0,2.0,0.0,,17-2
2024,1,2024-01-06,2,장출혈성대장균감염증,5,5,1.0,5.0,,17-2
2024,1,2024-01-06,2,A형간염,15,15,61.0,0.25,,17-2
2024,1,2024-01-06,2,백일해,9,9,6.0,1.5,,17-2
2024,1,2024-01-06,2,유행성이하선염,84,79,172.0,0.49,,17-2
2024,1,2024-01-06,2,풍진,0,0,0.0,,,17-2
2024,1,2024-01-06,2,수막구균 감염증,0,0,0.0,,,17-2
2024,1,2024-01-06,2,폐렴구균 감염증,16,16,11.0,1.45,,17-2
2024,1,2024-01-06,2,한센병,0,0,0.0,,,17-2
2024,1,2024-01-06,2,성홍열,38,35,62.0,0.61,,17-2
2024,1,2024-01-06,2,반코마이신내성황색 포도알균(VRSA) 감염증,0,0,0.0,,,17-2
2024,1,2024-01-06,2,카바페넴내성장내세균목(CRE) 감염증,714,714,407.0,1.75,,17-2
2024,1,2024-01-06,2,E형간염,11,11,,,,17-2
2024,1,2024-01-06,3,파상풍,0,0,0.0,,,17-2
2024,1,2024-01-06,3,B형간염,4,4,7.0,0.57,,17-2
2024,1,2024-01-06,3,일본뇌염,0,0,0.0,,,17-2
2024,1,2024-01-06,3,C형간염,102,101,187.0,0.55,,17-2
2024,1,2024-01-06,3,말라리아,2,2,1.0,2.0,,17-2
2024,1,2024-01-06,3,코트디부아르(1) 레지오넬라증,3,3,8.0,0.38,,17-2
2024,1,2024-01-06,3,비브리오패혈증,0,0,0.0,,,17-2
2024,1,2024-01-06,3,발진열,1,1,0.0,,,17-2
2024,1,2024-01-06,3,쯔쯔가무시증,28,28,32.0,0.88,,17-2
2024,1,2024-01-06,3,렙토스피라증,1,1,1.0,1.0,,17-2
2024,1,2024-01-06,3,브루셀라증,0,0,0.0,,,17-2
2024,1,2024-01-06,3,신증후군출혈열,3,3,6.0,0.5,,17-2
2024,1,2024-01-06,3,후천성면역결핍증(AIDS),0,0,6.0,0.0,,17-2
2024,1,2024-01-06,3,크로이츠펠트-야콥병(CJD),0,0,1.0,0.0,,17-2
2024,1,2024-01-06,3,뎅기열,1,1,2.0,0.5,,17-2
2024,1,2024-01-06,3,큐열,1,1,1.0,1.0,,17-2
2024,1,2024-01-06,3,라임병,0,0,0.0,,,17-2
2024,1,2024-01-06,3,유비저,0,0,0.0,,,17-2
2024,1,2024-01-06,3,치쿤구니야열,0,0,0.0,,,17-2
2024,1,2024-01-06,3,중증열성혈소판감소 증후군(SFTS),0,0,0.0,,,17-2
2024,1,2024-01-06,3,지카바이러스감염증,0,0,0.0,,,17-2
2024,1,2024-01-06,3,매독(1기),9,9,,,,17-2
2024,1,2024-01-06,3,매독(2기),3,3,,,,17-2
2024,1,2024-01-06,3,매독(3기),1,1,,,,17-2
2024,1,2024-01-06,3,매독(잠복),14,14,,,,17-2
2024,1,2024-01-06,3,엠폭스(원숭이두창),0,0,,,,17-2
2024,6,2024-02-10,2,결핵,319,1992,349.0,0.91,,17-6
2024,6,2024-02-10,2,수두,289,3187,743.0,0.39,,17-6
2024,6,2024-02-10,2,홍역,1,5,2.0,0.5,,17-6
2024,6,2024-02-10,2,콜레라,0,0,0.0,,,17-6
2024,6,2024-02-10,2,장티푸스,0,3,2.0,0.0,,17-6
2024,6,2024-02-10,2,파라티푸스,1,7,1.0,1.0,,17-6
2024,6,2024-02-10,2,세균성이질,2,5,1.0,2.0,,17-6
2024,6,2024-02-10,2,장출혈성대장균감염증,0,11,1.0,0.0,,17-6
2024,6,2024-02-10,2,A형간염,13,122,71.0,0.18,,17-6
2024,6,2024-02-10,2,백일해,25,116,4.0,6.25,,17-6
2024,6,2024-02-10,2,유행성이하선염,51,472,159.0,0.32,,17-6
2024,6,2024-02-10,2,풍진,0,0,0.0,,,17-6
2024,6,2024-02-10,2,수막구균 감염증,0,1,0.0,,,17-6
2024,6,2024-02-10,2,폐렴구균 감염증,9,76,9.0,1.0,,17-6
2024,6,2024-02-10,2,한센병,0,0,0.0,,,17-6
2024,6,2024-02-10,2,성홍열,28,209,64.0,0.44,,17-6
2024,6,2024-02-10,2,반코마이신내성황색 포도알균(VRSA) 감염증,0,0,0.0,,,17-6
2024,6,2024-02-10,2,카바페넴내성장내세균목(CRE) 감염증,784,5664,396.0,1.98,,17-6
2024,6,2024-02-10,2,E형간염,11,69,,,,17-6
2024,6,2024-02-10,3,파상풍,0,2,0.0,,,17-6
2024,6,2024-02-10,3,B형간염,4,34,7.0,0.57,,17-6
2024,6,2024-02-10,3,일본뇌염,0,0,0.0,,,17-6
2024,6,2024-02-10,3,C형간염,92,795,187.0,0.49,,17-6
2024,6,2024-02-10,3,말라리아,0,6,1.0,0.0,,17-6
2024,6,2024-02-10,3,레지오넬라증,9,40,7.0,1.29,,17-6
2024,6,2024-02-10,3,비브리오패혈증,0,0,0.0,,,17-6
2024,6,2024-02-10,3,발진열,0,10,0.0,,,17-6
2024,6,2024-02-10,3,쯔쯔가무시증,33,183,13.0,2.54,,17-6
2024,6,2024-02-10,3,렙토스피라증,0,4,1.0,0.0,,17-6
2024,6,2024-02-10,3,브루셀라증,0,0,0.0,,,17-6
2024,6,2024-02-10,3,신증후군출혈열,0,24,3.0,0.0,,17-6
2024,6,2024-02-10,3,후천성면역결핍증(AIDS),12,56,11.0,1.09,,17-6
2024,6,2024-02-10,3,크로이츠펠트-야콥병(CJD),0,0,2.0,0.0,,17-6
2024,6,2024-02-10,3,뎅기열,0,15,3.0,0.0,,17-6
2024,6,2024-02-10,3,큐열,2,5,1.0,2.0,,17-6
2024,6,2024-02-10,3,라임병,0,8,0.0,,,17-6
2024,6,2024-02-10,3,유비저,0,0,0.0,,,17-6
2024,6,2024-02-10,3,치쿤구니야열,0,0,0.0,,,17-6
2024,6,2024-02-10,3,중증열성혈소판감소 증후군(SFTS),0,0,0.0,,,17-6
2024,6,2024-02-10,3,지카바이러스감염증,0,0,0.0,,,17-6
2024,6,2024-02-10,3,엠폭스(원숭이두창),0,0,,,,17-6
2024,6,2024-02-10,3,매독(1기),17,118,,,,17-6
2024,6,2024-02-10,3,매독(2기),3,55,,,,17-6
2024,6,2024-02-10,3,매독(3기),1,12,,,,17-6
2024,6,2024-02-10,3,매독(선천성),0,1,,,,17-6
2024,6,2024-02-10,3,매독(잠복),14,164,,,,17-6
2024,10,2024-03-09,2,결핵,351,3123,350.0,1.0,,17-10
2024,10,2024-03-09,2,수두,292,4752,546.0,0.53,,17-10
2024,10,2024-03-09,2,홍역,0,9,1.0,0.0,,17-10
2024,10,2024-03-09,2,콜레라,0,0,0.0,,,17-10
2024,10,2024-03-09,2,장티푸스,0,4,1.0,0.0,,17-10
2024,10,2024-03-09,2,파라티푸스,0,1,0.0,,,17-10
2024,10,2024-03-09,2,세균성이질,1,5,0.0,,,17-10
2024,10,2024-03-09,2,장출혈성대장균감염증,0,12,1.0,0.0,,17-10
2024,10,2024-03-09,2,A형간염,14,218,98.0,0.14,,17-10
2024,10,2024-03-09,2,백일해,16,174,3.0,5.33,,17-10
2024,10,2024-03-09,2,유행성이하선염,79,830,169.0,0.47,,17-10
2024,10,2024-03-09,2,풍진,0,0,0.0,,,17-10
2024,10,2024-03-09,2,수막구균 감염증,0,2,0.0,,,17-10
2024,10,2024-03-09,2,폐렴구균 감염증,2,107,7.0,0.29,,17-10
2024,10,2024-03-09,2,한센병,0,1,0.0,,,17-10
2024,10,2024-03-09,2,성홍열,23,355,53.0,0.43,,17-10
2024,10,2024-03-09,2,반코마이신내성황색 포도알균(VRSA) 감염증,0,0,0.0,,,17-10
2024,10,2024-03-09,2,카바페넴내성장내세균목(CRE) 감염증,879,9967,381.0,2.31,,17-10
2024,10,2024-03-09,2,E형간염,4,110,,,,17-10
2024,10,2024-03-09,3,파상풍,0,2,0.0,,,17-10
2024,10,2024-03-09,3,B형간염,1,49,7.0,0.14,,17-10
2024,10,2024-03-09,3,일본뇌염,0,0,0.0,,,17-10
2024,10,2024-03-09,3,C형간염,58,1179,183.0,0.32,,17-10
2024,10,2024-03-09,3,말라리아,0,7,1.0,0.0,,17-10
2024,10,2024-03-09,3,레지오넬라증,3,60,6.0,0.5,,17-10
2024,10,2024-03-09,3,비브리오패혈증,0,0,0.0,,,17-10
2024,10,2024-03-09,3,발진열,0,2,0.0,,,17-10
2024,10,2024-03-09,3,쯔쯔가무시증,8,245,9.0,0.89,,17-10
2024,10,2024-03-09,3,렙토스피라증,0,2,1.0,0.0,,17-10
2024,10,2024-03-09,3,브루셀라증,0,0,0.0,,,17-10
2024,10,2024-03-09,3,신증후군출혈열,2,35,2.0,1.0,,17-10
2024,10,2024-03-09,3,후천성면역결핍증(AIDS),19,105,16.0,1.19,,17-10
2024,10,2024-03-09,3,크로이츠펠트-야콥병(CJD),0,0,1.0,0.0,,17-10
2024,10,2024-03-09,3,뎅기열,2,28,1.0,2.0,,17-10
2024,10,2024-03-09,3,큐열,1,9,1.0,1.0,,17-10
2024,10,2024-03-09,3,라임병,0,0,0.0,,,17-10
2024,10,2024-03-09,3,유비저,0,0,0.0,,,17-10
2024,10,2024-03-09,3,치쿤구니야열,0,0,0.0,,,17-10
2024,10,2024-03-09,3,중증열성혈소판감소 증후군(SFTS),0,0,0.0,,,17-10
2024,10,2024-03-09,3,지카바이러스감염증,0,0,0.0,,,17-10
2024,10,2024-03-09,3,엠폭스(원숭이두창),0,0,,,,17-10
2024,10,2024-03-09,3,매독(1기),23,181,,,,17-10
2024,10,2024-03-09,3,매독(2기),13,84,,,,17-10
2024,10,2024-03-09,3,매독(3기),0,18,,,,17-10
2024,10,2024-03-09,3,매독(선천성),0,2,,,,17-10
2024,10,2024-03-09,3,매독(잠복),32,245,,,,17-10
2024,14,2024-04-06,2,결핵,341,4260,361.0,0.94,,17-14
2024,14,2024-04-06,2,수두,460,6594,576.0,0.8,,17-14
2024,14,2024-04-06,2,홍역,0,13,3.0,0.0,,17-14
2024,14,2024-04-06,2,콜레라,0,0,0.0,,,17-14
2024,14,2024-04-06,2,장티푸스,0,8,1.0,0.0,,17-14
2024,14,2024-04-06,2,파라티푸스,0,3,1.0,0.0,,17-14
2024,14,2024-04-06,2,세균성이질,1,9,1.0,1.0,,17-14
2024,14,2024-04-06,2,장출혈성대장균감염증,0,18,2.0,0.0,,17-14
2024,14,2024-04-06,2,A형간염,13,331,122.0,0.11,,17-14
2024,14,2024-04-06,2,백일해,19,238,2.0,9.5,,17-14
2024,14,2024-04-06,2,유행성이하선염,128,1300,203.0,0.63,,17-14
2024,14,2024-04-06,2,풍진,0,0,0.0,,,17-14
2024,14,2024-04-06,2,수막구균 감염증,0,3,0.0,,,17-14
2024,14,2024-04-06,2,폐렴구균 감염증,4,134,9.0,0.44,,17-14
2024,14,2024-04-06,2,한센병,0,1,0.0,,,17-14
2024,14,2024-04-06,2,성홍열,42,548,50.0,0.84,,17-14
2024,14,2024-04-06,2,반코마이신내성황색 포도알균(VRSA) 감염증,0,0,0.0,,,17-14
2024,14,2024-04-06,2,카바페넴내성장내세균목(CRE) 감염증,757,13529,405.0,1.87,,17-14
2024,14,2024-04-06,2,E형간염,4,169,,,,17-14
2024,14,2024-04-06,3,파상풍,0,2,1.0,0.0,,17-14
2024,14,2024-04-06,3,B형간염,0,75,7.0,0.0,,17-14
2024,14,2024-04-06,3,일본뇌염,0,0,0.0,,,17-14
2024,14,2024-04-06,3,C형간염,81,1756,190.0,0.43,,17-14
2024,14,2024-04-06,3,말라리아,0,12,2.0,0.0,,17-14
2024,14,2024-04-06,3,레지오넬라증,3,80,6.0,0.5,,17-14
2024,14,2024-04-06,3,비브리오패혈증,0,0,0.0,,,17-14
2024,14,2024-04-06,3,발진열,1,3,0.0,,,17-14
2024,14,2024-04-06,3,쯔쯔가무시증,12,302,13.0,0.92,,17-14
2024,14,2024-04-06,3,렙토스피라증,0,3,1.0,0.0,,17-14
2024,14,2024-04-06,3,브루셀라증,0,1,0.0,,,17-14
2024,14,2024-04-06,3,신증후군출혈열,0,47,3.0,0.0,,17-14
2024,14,2024-04-06,3,후천성면역결핍증(AIDS),6,152,14.0,0.43,,17-14
2024,14,2024-04-06,3,크로이츠펠트-야콥병(CJD),0,14,1.0,0.0,,17-14
2024,14,2024-04-06,3,뎅기열,2,29,1.0,2.0,,17-14
2024,14,2024-04-06,3,큐열,1,14,1.0,1.0,,17-14
2024,14,2024-04-06,3,라임병,0,1,0.0,,,17-14
2024,14,2024-04-06,3,유비저,0,0,0.0,,,17-14
2024,14,2024-04-06,3,치쿤구니야열,0,0,0.0,,,17-14
2024,14,2024-04-06,3,중증열성혈소판감소 증후군(SFTS),0,0,0.0,,,17-14
2024,14,2024-04-06,3,지카바이러스감염증,0,0,0.0,,,17-14
2024,14,2024-04-06,3,엠폭스(원숭이두창),0,0,,,,17-14
2024,14,2024-04-06,3,매독(1기),16,252,,,,17-14
2024,14,2024-04-06,3,매독(2기),6,121,,,,17-14
2024,14,2024-04-06,3,매독(3기),1,22,,,,17-14
2024,14,2024-04-06,3,매독(선천성),0,3,,,,17-14
2024,14,2024-04-06,3,매독(잠복),20,343,,,,17-14
2024,18,2024-05-04,2,결핵,326,5345,6424.0,0.05,,17-18
2024,18,2024-05-04,2,수두,743,9509,759.0,0.98,,17-18
2024,18,2024-05-04,2,홍역,0,15,1.0,0.0,,17-18
2024,18,2024-05-04,2,콜레라,0,1,0.0,,,17-18
2024,18,2024-05-04,2,장티푸스,2,11,1.0,2.0,,17-18
2024,18,2024-05-04,2,파라티푸스,3,8,1.0,3.0,,17-18
2024,18,2024-05-04,2,세균성이질,1,11,1.0,1.0,,17-18
2024,18,2024-05-04,2,장출혈성대장균감염증,0,24,2.0,0.0,,17-18
2024,18,2024-05-04,2,A형간염,17,453,152.0,0.11,,17-18
2024,18,2024-05-04,2,백일해,67,468,2.0,33.5,,17-18
2024,18,2024-05-04,2,유행성이하선염,200,2043,232.0,0.86,,17-18
2024,18,2024-05-04,2,풍진,0,0,0.0,,,17-18
2024,18,2024-05-04,2,수막구균 감염증,0,5,0.0,,,17-18
2024,18,2024-05-04,2,폐렴구균 감염증,4,149,8.0,0.5,,17-18
2024,18,2024-05-04,2,한센병,0,1,0.0,,,17-18
2024,18,2024-05-04,2,성홍열,65,878,49.0,1.33,,17-18
2024,18,2024-05-04,2,반코마이신내성황색 포도알균(VRSA) 감염증,0,0,0.0,,,17-18
2024,18,2024-05-04,2,카바페넴내성장내세균목(CRE) 감염증,792,17067,430.0,1.84,,17-18
2024,18,2024-05-04,2,E형간염,7,210,,,,17-18
2024,18,2024-05-04,3,파상풍,0,3,1.0,0.0,,17-18
2024,18,2024-05-04,3,B형간염,4,91,7.0,0.57,,17-18
2024,18,2024-05-04,3,일본뇌염,0,0,0.0,,,17-18
2024,18,2024-05-04,3,C형간염,87,2312,192.0,0.45,,17-18
2024,18,2024-05-04,3,말라리아,8,38,6.0,1.33,,17-18
2024,18,2024-05-04,3,레지오넬라증,0,98,6.0,0.0,,17-18
2024,18,2024-05-04,3,비브리오패혈증,0,2,0.0,,,17-18
2024,18,2024-05-04,3,발진열,0,2,0.0,,,17-18
2024,18,2024-05-04,3,쯔쯔가무시증,14,387,20.0,0.7,,17-18
2024,18,2024-05-04,3,렙토스피라증,0,4,1.0,0.0,,17-18
2024,18,2024-05-04,3,브루셀라증,0,3,0.0,,,17-18
2024,18,2024-05-04,3,신증후군출혈열,2,68,4.0,0.5,,17-18
2024,18,2024-05-04,3,후천성면역결핍증(AIDS),15,205,13.0,1.15,,17-18
2024,18,2024-05-04,3,크로이츠펠트-야콥병(CJD),0,16,1.0,0.0,,17-18
2024,18,2024-05-04,3,뎅기열,2,53,1.0,2.0,,17-18
2024,18,2024-05-04,3,인도네시아(1) 큐열,0,15,2.0,0.0,,17-18
2024,18,2024-05-04,3,라임병,0,1,0.0,,,17-18
2024,18,2024-05-04,3,유비저,0,1,0.0,,,17-18
2024,18,2024-05-04,3,치쿤구니야열,0,0,0.0,,,17-18
2024,18,2024-05-04,3,중증열성혈소판감소 증후군(SFTS),0,0,1.0,0.0,,17-18
2024,18,2024-05-04,3,지카바이러스감염증,0,0,0.0,,,17-18
2024,18,2024-05-04,3,엠폭스(원숭이두창),0,1,,,,17-18
2024,18,2024-05-04,3,매독(1기),13,316,,,,17-18
2024,18,2024-05-04,3,매독(2기),5,150,,,,17-18
2024,18,2024-05-04,3,매독(3기),1,26,,,,17-18
2024,18,2024-05-04,3,매독(선천성),0,3,,,,17-18
2024,18,2024-05-04,3,매독(잠복),13,429,,,,17-18
2024,22,2024-06-01,2,결핵,351,6466,374.0,0.94,,17-22
2024,22,2024-06-01,2,수두,784,13277,867.0,0.9,,17-22
2024,22,2024-06-01,2,홍역,0,38,0.0,,,17-22
2024,22,2024-06-01,2,콜레라,0,0,0.0,,,17-22
2024,22,2024-06-01,2,장티푸스,1,12,1.0,1.0,,17-22
2024,22,2024-06-01,2,파라티푸스,2,8,1.0,2.0,,17-22
2024,22,2024-06-01,2,세균성이질,0,13,1.0,0.0,,17-22
2024,22,2024-06-01,2,장출혈성대장균감염증,3,46,5.0,0.6,,17-22
2024,22,2024-06-01,2,A형간염,21,566,170.0,0.12,,17-22
2024,22,2024-06-01,2,백일해,281,1248,3.0,93.67,,17-22
2024,22,2024-06-01,2,유행성이하선염,196,2934,258.0,0.76,,17-22
2024,22,2024-06-01,2,풍진,0,0,0.0,,,17-22
2024,22,2024-06-01,2,수막구균 감염증,0,6,0.0,,,17-22
2024,22,2024-06-01,2,폐렴구균 감염증,2,164,8.0,0.25,,17-22
2024,22,2024-06-01,2,한센병,0,2,0.0,,,17-22
2024,22,2024-06-01,2,성홍열,123,1585,50.0,2.46,,17-22
2024,22,2024-06-01,2,반코마이신내성황색 포도알균(VRSA) 감염증,0,0,0.0,,,17-22
2024,22,2024-06-01,2,카바페넴내성장내세균목(CRE) 감염증,927,21406,458.0,2.02,,17-22
2024,22,2024-06-01,2,E형간염,15,260,,,,17-22
2024,22,2024-06-01,3,파상풍,0,3,1.0,0.0,,17-22
2024,22,2024-06-01,3,B형간염,5,112,7.0,0.71,,17-22
2024,22,2024-06-01,3,일본뇌염,0,0,0.0,,,17-22
2024,22,2024-06-01,3,C형간염,88,2801,195.0,0.45,,17-22
2024,22,2024-06-01,3,말라리아,10,103,15.0,0.67,,17-22
2024,22,2024-06-01,3,레지오넬라증,5,125,8.0,0.62,,17-22
2024,22,2024-06-01,3,비브리오패혈증,0,3,0.0,,,17-22
2024,22,2024-06-01,3,발진열,0,4,0.0,,,17-22
2024,22,2024-06-01,3,쯔쯔가무시증,19,498,24.0,0.79,,17-22
2024,22,2024-06-01,3,렙토스피라증,0,6,2.0,0.0,,17-22
2024,22,2024-06-01,3,브루셀라증,0,4,0.0,,,17-22
2024,22,2024-06-01,3,신증후군출혈열,5,94,5.0,1.0,,17-22
2024,22,2024-06-01,3,후천성면역결핍증(AIDS),23,282,17.0,1.35,,17-22
2024,22,2024-06-01,3,크로이츠펠트-야콥병(CJD),0,19,1.0,0.0,,17-22
2024,22,2024-06-01,3,뎅기열,1,72,1.0,1.0,,17-22
2024,22,2024-06-01,3,큐열,3,22,2.0,1.5,,17-22
2024,22,2024-06-01,3,라임병,0,5,0.0,,,17-22
2024,22,2024-06-01,3,유비저,0,1,0.0,,,17-22
2024,22,2024-06-01,3,치쿤구니야열,0,0,0.0,,,17-22
2024,22,2024-06-01,3,중증열성혈소판감소 증후군(SFTS),1,15,4.0,0.25,,17-22
2024,22,2024-06-01,3,지카바이러스감염증,0,0,0.0,,,17-22
2024,22,2024-06-01,3,엠폭스(원숭이두창),1,2,,,,17-22
2024,22,2024-06-01,3,매독(1기),21,401,,,,17-22
2024,22,2024-06-01,3,매독(2기),13,196,,,,17-22
2024,22,2024-06-01,3,매독(3기),2,32,,,,17-22
2024,22,2024-06-01,3,매독(선천성),1,5,,,,17-22
2024,22,2024-06-01,3,매독(잠복),18,530,,,,17-22
2024,26,2024-06-29,2,결핵,404,7752,387.0,1.04,,17-26
2024,26,2024-06-29,2,수두,356,16151,772.0,0.46,,17-26
2024,26,2024-06-29,2,홍역,0,47,0.0,,,17-26
2024,26,2024-06-29,2,콜레라,0,0,0.0,,,17-26
2024,26,2024-06-29,2,장티푸스,2,21,1.0,2.0,,17-26
2024,26,2024-06-29,2,파라티푸스,0,11,1.0,0.0,,17-26
2024,26,2024-06-29,2,세균성이질,0,18,2.0,0.0,,17-26
2024,26,2024-06-29,2,장출혈성대장균감염증,6,86,13.0,0.46,,17-26
2024,26,2024-06-29,2,A형간염,13,670,169.0,0.08,,17-26
2024,26,2024-06-29,2,백일해,952,4776,2.0,476.0,,17-26
2024,26,2024-06-29,2,유행성이하선염,110,3576,239.0,0.46,,17-26
2024,26,2024-06-29,2,풍진,0,0,0.0,,,17-26
2024,26,2024-06-29,2,수막구균 감염증,0,7,0.0,,,17-26
2024,26,2024-06-29,2,폐렴구균 감염증,3,179,6.0,0.5,,17-26
2024,26,2024-06-29,2,한센병,0,1,0.0,,,17-26
2024,26,2024-06-29,2,성홍열,182,2557,48.0,3.79,,17-26
2024,26,2024-06-29,2,반코마이신내성황색 포도알균(VRSA) 감염증,0,0,0.0,,,17-26
2024,26,2024-06-29,2,카바페넴내성장내세균목(CRE) 감염증,1003,25314,521.0,1.93,,17-26
2024,26,2024-06-29,2,E형간염,6,316,,,,17-26
2024,26,2024-06-29,3,파상풍,1,5,1.0,1.0,,17-26
2024,26,2024-06-29,3,B형간염,2,124,7.0,0.29,,17-26
2024,26,2024-06-29,3,일본뇌염,0,0,0.0,,,17-26
2024,26,2024-06-29,3,C형간염,76,3298,197.0,0.39,,17-26
2024,26,2024-06-29,3,말라리아,17,211,25.0,0.68,,17-26
2024,26,2024-06-29,3,레지오넬라증,4,164,8.0,0.5,,17-26
2024,26,2024-06-29,3,비브리오패혈증,2,6,0.0,,,17-26
2024,26,2024-06-29,3,발진열,1,12,0.0,,,17-26
2024,26,2024-06-29,3,쯔쯔가무시증,23,649,26.0,0.88,,17-26
2024,26,2024-06-29,3,렙토스피라증,0,7,2.0,0.0,,17-26
2024,26,2024-06-29,3,브루셀라증,0,4,0.0,,,17-26
2024,26,2024-06-29,3,신증후군출혈열,8,126,6.0,1.33,,17-26
2024,26,2024-06-29,3,후천성면역결핍증(AIDS),10,323,18.0,0.56,,17-26
2024,26,2024-06-29,3,크로이츠펠트-야콥병(CJD),0,15,2.0,0.0,,17-26
2024,26,2024-06-29,3,뎅기열,1,85,3.0,0.33,,17-26
2024,26,2024-06-29,3,큐열,2,24,2.0,1.0,,17-26
2024,26,2024-06-29,3,라임병,0,7,1.0,0.0,,17-26
2024,26,2024-06-29,3,유비저,0,1,0.0,,,17-26
2024,26,2024-06-29,3,치쿤구니야열,0,0,0.0,,,17-26
2024,26,2024-06-29,3,중증열성혈소판감소 증후군(SFTS),1,29,8.0,0.12,,17-26
2024,26,2024-06-29,3,지카바이러스감염증,0,0,0.0,,,17-26
2024,26,2024-06-29,3,엠폭스(원숭이두창),0,4,,,,17-26
2024,26,2024-06-29,3,매독(1기),16,495,,,,17-26
2024,26,2024-06-29,3,필리핀(1) 매독(2기),7,230,,,,17-26
2024,26,2024-06-29,3,매독(3기),0,36,,,,17-26
2024,26,2024-06-29,3,매독(선천성),0,7,,,,17-26
2024,26,2024-06-29,3,매독(잠복),22,628,,,,17-26
2024,30,2024-07-27,2,결핵,310,8886,374.0,0.83,,17-30
2024,30,2024-07-27,2,수두,413,18730,684.0,0.6,,17-30
2024,30,2024-07-27,2,홍역,0,47,0.0,,,17-30
2024,30,2024-07-27,2,콜레라,0,0,0.0,,,17-30
2024,30,2024-07-27,2,장티푸스,0,20,1.0,0.0,,17-30
2024,30,2024-07-27,2,파라티푸스,0,8,1.0,0.0,,17-30
2024,30,2024-07-27,2,세균성이질,2,24,1.0,2.0,,17-30
2024,30,2024-07-27,2,장출혈성대장균감염증,2,160,9.0,0.22,,17-30
2024,30,2024-07-27,2,A형간염,17,762,173.0,0.1,,17-30
2024,30,2024-07-27,2,백일해,1515,15179,2.0,757.5,,17-30
2024,30,2024-07-27,2,유행성이하선염,92,4169,194.0,0.47,,17-30
2024,30,2024-07-27,2,풍진,0,0,0.0,,,17-30
2024,30,2024-07-27,2,수막구균 감염증,0,12,0.0,,,17-30
2024,30,2024-07-27,2,폐렴구균 감염증,0,182,6.0,0.0,,17-30
2024,30,2024-07-27,2,한센병,0,2,0.0,,,17-30
2024,30,2024-07-27,2,성홍열,91,3415,45.0,2.02,,17-30
2024,30,2024-07-27,2,반코마이신내성황색 포도알균(VRSA) 감염증,0,1,0.0,,,17-30
2024,30,2024-07-27,2,카바페넴내성장내세균목(CRE) 감염증,1127,29989,577.0,1.95,,17-30
2024,30,2024-07-27,2,E형간염,9,396,,,,17-30
2024,30,2024-07-27,3,파상풍,0,7,1.0,0.0,,17-30
2024,30,2024-07-27,3,B형간염,4,144,9.0,0.44,,17-30
2024,30,2024-07-27,3,일본뇌염,0,0,0.0,,,17-30
2024,30,2024-07-27,3,C형간염,73,3846,190.0,0.38,,17-30
2024,30,2024-07-27,3,말라리아,24,367,25.0,0.96,,17-30
2024,30,2024-07-27,3,레지오넬라증,7,216,12.0,0.58,,17-30
2024,30,2024-07-27,3,비브리오패혈증,2,9,2.0,1.0,,17-30
2024,30,2024-07-27,3,발진열,0,13,0.0,,,17-30
2024,30,2024-07-27,3,쯔쯔가무시증,12,799,24.0,0.5,,17-30
2024,30,2024-07-27,3,렙토스피라증,0,15,2.0,0.0,,17-30
2024,30,2024-07-27,3,브루셀라증,0,5,0.0,,,17-30
2024,30,2024-07-27,3,신증후군출혈열,1,150,6.0,0.17,,17-30
2024,30,2024-07-27,3,후천성면역결핍증(AIDS),9,376,16.0,0.56,,17-30
2024,30,2024-07-27,3,크로이츠펠트-야콥병(CJD),0,19,1.0,0.0,,17-30
2024,30,2024-07-27,3,뎅기열,1,106,3.0,0.33,,17-30
2024,30,2024-07-27,3,큐열,0,28,2.0,0.0,,17-30
2024,30,2024-07-27,3,라임병,0,10,1.0,0.0,,17-30
2024,30,2024-07-27,3,유비저,0,0,0.0,,,17-30
2024,30,2024-07-27,3,치쿤구니야열,0,0,0.0,,,17-30
2024,30,2024-07-27,3,중증열성혈소판감소 증후군(SFTS),3,58,8.0,0.38,,17-30
2024,30,2024-07-27,3,지카바이러스감염증,0,0,0.0,,,17-30
2024,30,2024-07-27,3,엠폭스(원숭이두창),1,10,,,,17-30
2024,30,2024-07-27,3,매독(1기),21,600,,,,17-30
2024,30,2024-07-27,3,매독(2기),8,278,,,,17-30
2024,30,2024-07-27,3,매독(3기),1,35,,,,17-30
2024,30,2024-07-27,3,매독(선천성),1,5,,,,17-30
2024,30,2024-07-27,3,매독(잠복),19,740,,,,17-30
2024,34,2024-08-24,2,결핵,354,9947,368.0,0.96,,17-34
2024,34,2024-08-24,2,수두,356,20700,481.0,0.74,,17-34
2024,34,2024-08-24,2,영국(1) 홍역,0,47,0.0,,,17-34
2024,34,2024-08-24,2,콜레라,0,0,0.0,,,17-34
2024,34,2024-08-24,2,장티푸스,1,23,1.0,1.0,,17-34
2024,34,2024-08-24,2,파라티푸스,0,9,1.0,0.0,,17-34
2024,34,2024-08-24,2,세균성이질,1,30,1.0,1.0,,17-34
2024,34,2024-08-24,2,장출혈성대장균감염증,2,187,6.0,0.33,,17-34
2024,34,2024-08-24,2,A형간염,9,827,176.0,0.05,,17-34
2024,34,2024-08-24,2,백일해,583,18783,2.0,291.5,,17-34
2024,34,2024-08-24,2,유행성이하선염,111,4598,173.0,0.64,,17-34
2024,34,2024-08-24,2,풍진,0,0,0.0,,,17-34
2024,34,2024-08-24,2,수막구균 감염증,0,14,0.0,,,17-34
2024,34,2024-08-24,2,폐렴구균 감염증,2,311,5.0,0.4,,17-34
2024,34,2024-08-24,2,한센병,0,2,0.0,,,17-34
2024,34,2024-08-24,2,성홍열,70,3944,36.0,1.94,,17-34
2024,34,2024-08-24,2,반코마이신내성황색 포도알균(VRSA) 감염증,0,1,0.0,,,17-34
2024,34,2024-08-24,2,카바페넴내성장내세균목(CRE) 감염증,1081,34995,606.0,1.78,,17-34
2024,34,2024-08-24,2,E형간염,12,474,,,,17-34
2024,34,2024-08-24,3,파상풍,0,7,1.0,0.0,,17-34
2024,34,2024-08-24,3,B형간염,1,159,7.0,0.14,,17-34
2024,34,2024-08-24,3,일본뇌염,0,0,0.0,,,17-34
2024,34,2024-08-24,3,C형간염,93,4321,172.0,0.54,,17-34
2024,34,2024-08-24,3,말라리아,17,494,19.0,0.89,,17-34
2024,34,2024-08-24,3,레지오넬라증,13,272,12.0,1.08,,17-34
2024,34,2024-08-24,3,비브리오패혈증,3,20,4.0,0.75,,17-34
2024,34,2024-08-24,3,발진열,1,18,0.0,,,17-34
2024,34,2024-08-24,3,쯔쯔가무시증,20,919,27.0,0.74,,17-34
2024,34,2024-08-24,3,렙토스피라증,0,19,3.0,0.0,,17-34
2024,34,2024-08-24,3,브루셀라증,0,5,0.0,,,17-34
2024,34,2024-08-24,3,신증후군출혈열,5,172,5.0,1.0,,17-34
2024,34,2024-08-24,3,후천성면역결핍증(AIDS),20,439,16.0,1.25,,17-34
2024,34,2024-08-24,3,크로이츠펠트-야콥병(CJD),0,44,1.0,0.0,,17-34
2024,34,2024-08-24,3,뎅기열,7,124,5.0,1.4,,17-34
2024,34,2024-08-24,3,필리핀(5) 큐열,1,36,2.0,0.5,,17-34
2024,34,2024-08-24,3,라임병,0,15,1.0,0.0,,17-34
2024,34,2024-08-24,3,유비저,0,1,0.0,,,17-34
2024,34,2024-08-24,3,치쿤구니야열,1,1,0.0,,,17-34
2024,34,2024-08-24,3,중증열성혈소판감소 증후군(SFTS),1,79,8.0,0.12,,17-34
2024,34,2024-08-24,3,지카바이러스감염증,0,0,0.0,,,17-34
2024,34,2024-08-24,3,엠폭스(원숭이두창),0,11,,,,17-34
2024,34,2024-08-24,3,매독(1기),12,683,,,,17-34
2024,34,2024-08-24,3,매독(2기),7,317,,,,17-34
2024,34,2024-08-24,3,매독(3기),0,39,,,,17-34
2024,34,2024-08-24,3,매독(선천성),1,9,,,,17-34
2024,34,2024-08-24,3,매독(잠복),25,842,,,,17-34
2024,36,2024-09-07,2,결핵,296,10437,356.0,0.83,,17-36
2024,36,2024-09-07,2,수두,274,21381,423.0,0.65,,17-36
2024,36,2024-09-07,2,홍역,0,47,0.0,,,17-36
2024,36,2024-09-07,2,콜레라,0,0,0.0,,,17-36
2024,36,2024-09-07,2,장티푸스,1,23,1.0,1.0,,17-36
2024,36,2024-09-07,2,파라티푸스,0,14,1.0,0.0,,17-36
2024,36,2024-09-07,2,세균성이질,0,31,1.0,0.0,,17-36
2024,36,2024-09-07,2,장출혈성대장균감염증,3,203,5.0,0.6,,17-36
2024,36,2024-09-07,2,A형간염,14,859,166.0,0.08,,17-36
2024,36,2024-09-07,2,백일해,357,20196,2.0,178.5,,17-36
2024,36,2024-09-07,2,유행성이하선염,75,4780,178.0,0.42,,17-36
2024,36,2024-09-07,2,풍진,0,0,0.0,,,17-36
2024,36,2024-09-07,2,수막구균 감염증,0,14,0.0,,,17-36
2024,36,2024-09-07,2,폐렴구균 감염증,2,318,5.0,0.4,,17-36
2024,36,2024-09-07,2,한센병,0,2,0.0,,,17-36
2024,36,2024-09-07,2,성홍열,95,4155,37.0,2.57,,17-36
2024,36,2024-09-07,2,반코마이신내성황색 포도알균(VRSA) 감염증,0,1,0.0,,,17-36
2024,36,2024-09-07,2,카바페넴내성장내세균목(CRE) 감염증,1154,37862,592.0,1.95,,17-36
2024,36,2024-09-07,2,E형간염,19,507,,,,17-36
2024,36,2024-09-07,3,파상풍,0,7,1.0,0.0,,17-36
2024,36,2024-09-07,3,B형간염,5,171,7.0,0.71,,17-36
2024,36,2024-09-07,3,일본뇌염,0,2,1.0,0.0,,17-36
2024,36,2024-09-07,3,C형간염,99,4552,170.0,0.58,,17-36
2024,36,2024-09-07,3,말라리아,9,525,16.0,0.56,,17-36
2024,36,2024-09-07,3,레지오넬라증,4,291,11.0,0.36,,17-36
2024,36,2024-09-07,3,비브리오패혈증,2,25,5.0,0.4,,17-36
2024,36,2024-09-07,3,발진열,2,23,0.0,,,17-36
2024,36,2024-09-07,3,쯔쯔가무시증,11,981,29.0,0.38,,17-36
2024,36,2024-09-07,3,렙토스피라증,1,20,3.0,0.33,,17-36
2024,36,2024-09-07,3,브루셀라증,0,5,0.0,,,17-36
2024,36,2024-09-07,3,신증후군출혈열,5,188,5.0,1.0,,17-36
2024,36,2024-09-07,3,후천성면역결핍증(AIDS),11,468,19.0,0.58,,17-36
2024,36,2024-09-07,3,크로이츠펠트-야콥병(CJD),0,45,1.0,0.0,,17-36
2024,36,2024-09-07,3,뎅기열,3,136,4.0,0.75,,17-36
2024,36,2024-09-07,3,큐열,1,38,2.0,0.5,,17-36
2024,36,2024-09-07,3,라임병,0,18,1.0,0.0,,17-36
2024,36,2024-09-07,3,유비저,0,1,0.0,,,17-36
2024,36,2024-09-07,3,치쿤구니야열,0,1,0.0,,,17-36
2024,36,2024-09-07,3,중증열성혈소판감소 증후군(SFTS),0,86,6.0,0.0,,17-36
2024,36,2024-09-07,3,지카바이러스감염증,0,0,0.0,,,17-36
2024,36,2024-09-07,3,엠폭스(원숭이두창),0,13,,,,17-36
2024,36,2024-09-07,3,매독,37,1993,,,,17-36
2024,36,2024-09-07,3,매독(1기),9,715,,,,17-36
2024,36,2024-09-07,3,매독(2기),7,333,,,,17-36
2024,36,2024-09-07,3,매독(3기),0,43,,,,17-36
2024,36,2024-09-07,3,매독(선천성),2,9,,,,17-36
2024,36,2024-09-07,3,매독(잠복),19,893,,,,17-36
2024,39,2024-09-28,2,결핵,354,11135,328.0,1.08,,17-38
2024,39,2024-09-28,2,수두,264,22343,445.0,0.59,,17-38
2024,39,2024-09-28,2,홍역,0,47,0.0,,,17-38
2024,39,2024-09-28,2,콜레라,0,0,0.0,,,17-38
2024,39,2024-09-28,2,장티푸스,4,28,1.0,4.0,,17-38
2024,39,2024-09-28,2,파라티푸스,4,19,1.0,4.0,,17-38
2024,39,2024-09-28,2,세균성이질,1,32,1.0,1.0,,17-38
2024,39,2024-09-28,2,장출혈성대장균감염증,2,213,4.0,0.5,,17-38
2024,39,2024-09-28,2,A형간염,10,894,137.0,0.07,,17-38
2024,39,2024-09-28,2,백일해,376,22562,2.0,188.0,,17-38
2024,39,2024-09-28,2,유행성이하선염,94,5062,171.0,0.55,,17-38
2024,39,2024-09-28,2,풍진,0,0,0.0,,,17-38
2024,39,2024-09-28,2,수막구균 감염증,0,15,0.0,,,17-38
2024,39,2024-09-28,2,폐렴구균 감염증,1,330,5.0,0.2,,17-38
2024,39,2024-09-28,2,한센병,0,2,0.0,,,17-38
2024,39,2024-09-28,2,성홍열,54,4414,34.0,1.59,,17-38
2024,39,2024-09-28,2,반코마이신내성황색 포도알균(VRSA) 감염증,0,1,0.0,,,17-38
2024,39,2024-09-28,2,카바페넴내성장내세균목(CRE) 감염증,866,40903,538.0,1.61,,17-38
2024,39,2024-09-28,2,E형간염,15,548,,,,17-38
2024,39,2024-09-28,3,파상풍,0,18,0.0,,,17-38
2024,39,2024-09-28,3,B형간염,8,195,7.0,1.14,,17-38
2024,39,2024-09-28,3,일본뇌염,0,3,2.0,0.0,,17-38
2024,39,2024-09-28,3,C형간염,71,4822,158.0,0.45,,17-38
2024,39,2024-09-28,3,말라리아,33,610,12.0,2.75,,17-38
2024,39,2024-09-28,3,레지오넬라증,1,304,10.0,0.1,,17-38
2024,39,2024-09-28,3,비브리오패혈증,5,34,4.0,1.25,,17-38
2024,39,2024-09-28,3,발진열,0,11,0.0,,,17-38
2024,39,2024-09-28,3,쯔쯔가무시증,7,1022,35.0,0.2,,17-38
2024,39,2024-09-28,3,렙토스피라증,0,25,3.0,0.0,,17-38
2024,39,2024-09-28,3,브루셀라증,0,5,0.0,,,17-38
2024,39,2024-09-28,3,신증후군출혈열,2,193,6.0,0.33,,17-38
2024,39,2024-09-28,3,후천성면역결핍증(AIDS) 크로이츠펠트-야콥병(CJD),0,50,1.0,0.0,,17-38
2024,39,2024-09-28,3,뎅기열,2,148,3.0,0.67,,17-38
2024,39,2024-09-28,3,큐열,0,40,1.0,0.0,,17-38
2024,39,2024-09-28,3,라임병,0,19,1.0,0.0,,17-38
2024,39,2024-09-28,3,유비저,0,1,0.0,,,17-38
2024,39,2024-09-28,3,치쿤구니야열,0,2,0.0,,,17-38
2024,39,2024-09-28,3,중증열성혈소판감소 증후군(SFTS),1,97,10.0,0.1,,17-38
2024,39,2024-09-28,3,지카바이러스감염증,0,0,0.0,,,17-38
2024,39,2024-09-28,3,엠폭스(원숭이두창),0,13,,,,17-38
2024,39,2024-09-28,3,매독,33,2060,,,,17-38
2024,39,2024-09-28,3,매독(1기),14,730,,,,17-38
2024,39,2024-09-28,3,매독(2기),5,354,,,,17-38
2024,39,2024-09-28,3,매독(3기),0,44,,,,17-38
2024,39,2024-09-28,3,매독(선천성),0,8,,,,17-38
2024,39,2024-09-28,3,매독(잠복),14,924,,,,17-38
2024,43,2024-10-26,2,결핵,283,12126,347.0,0.82,,17-42
2024,43,2024-10-26,2,수두,352,23792,561.0,0.63,,17-42
2024,43,2024-10-26,2,홍역,0,47,0.0,,,17-42
2024,43,2024-10-26,2,콜레라,0,0,0.0,,,17-42
2024,43,2024-10-26,2,장티푸스,0,22,0.0,,,17-42
2024,43,2024-10-26,2,파라티푸스,0,17,1.0,0.0,,17-42
2024,43,2024-10-26,2,세균성이질,0,33,1.0,0.0,,17-42
2024,43,2024-10-26,2,장출혈성대장균감염증,0,215,3.0,0.0,,17-42
2024,43,2024-10-26,2,A형간염,14,980,93.0,0.15,,17-42
2024,43,2024-10-26,2,백일해,1003,28020,5.0,200.6,,17-42
2024,43,2024-10-26,2,유행성이하선염,83,5421,192.0,0.43,,17-42
2024,43,2024-10-26,2,풍진,0,0,0.0,,,17-42
2024,43,2024-10-26,2,수막구균 감염증,0,15,0.0,,,17-42
2024,43,2024-10-26,2,폐렴구균 감염증,3,355,7.0,0.43,,17-42
2024,43,2024-10-26,2,한센병,0,2,0.0,,,17-42
2024,43,2024-10-26,2,성홍열,70,4845,34.0,2.06,,17-42
2024,43,2024-10-26,2,반코마이신내성황색 포도알균(VRSA) 감염증,0,1,0.0,,,17-42
2024,43,2024-10-26,2,카바페넴내성장내세균목(CRE) 감염증,1058,45548,540.0,1.96,,17-42
2024,43,2024-10-26,2,E형간염,9,607,,,,17-42
2024,43,2024-10-26,3,파상풍,0,26,0.0,,,17-42
2024,43,2024-10-26,3,B형간염,5,213,8.0,0.62,,17-42
2024,43,2024-10-26,3,일본뇌염,0,7,1.0,0.0,,17-42
2024,43,2024-10-26,3,C형간염,67,5209,175.0,0.38,,17-42
2024,43,2024-10-26,3,말라리아,4,675,5.0,0.8,,17-42
2024,43,2024-10-26,3,레지오넬라증,3,335,9.0,0.33,,17-42
2024,43,2024-10-26,3,비브리오패혈증,2,44,2.0,1.0,,17-42
2024,43,2024-10-26,3,발진열,0,12,1.0,0.0,,17-42
2024,43,2024-10-26,3,쯔쯔가무시증,110,1204,373.0,0.29,,17-42
2024,43,2024-10-26,3,렙토스피라증,1,30,5.0,0.2,,17-42
2024,43,2024-10-26,3,브루셀라증,0,5,0.0,,,17-42
2024,43,2024-10-26,3,신증후군출혈열,6,215,15.0,0.4,,17-42
2024,43,2024-10-26,3,후천성면역결핍증(AIDS),15,562,21.0,0.71,,17-42
2024,43,2024-10-26,3,크로이츠펠트-야콥병(CJD),0,55,1.0,0.0,,17-42
2024,43,2024-10-26,3,뎅기열,4,165,3.0,1.33,,17-42
2024,43,2024-10-26,3,큐열,1,45,2.0,0.5,,17-42
2024,43,2024-10-26,3,라임병,0,18,1.0,0.0,,17-42
2024,43,2024-10-26,3,유비저,0,2,0.0,,,17-42
2024,43,2024-10-26,3,치쿤구니야열,0,2,0.0,,,17-42
2024,43,2024-10-26,3,중증열성혈소판감소 증후군(SFTS),1,123,10.0,0.1,,17-42
2024,43,2024-10-26,3,지카바이러스감염증,0,0,0.0,,,17-42
2024,43,2024-10-26,3,엠폭스(원숭이두창),1,14,,,,17-42
2024,43,2024-10-26,3,매독,45,2332,,,,17-42
2024,43,2024-10-26,3,매독(1기),17,822,,,,17-42
2024,43,2024-10-26,3,매독(2기),11,419,,,,17-42
2024,43,2024-10-26,3,매독(3기),1,48,,,,17-42
2024,43,2024-10-26,3,매독(선천성),1,14,,,,17-42
2024,43,2024-10-26,3,매독(잠복),15,1029,,,,17-42
2024,47,2024-11-23,2,결핵,310,13176,364.0,0.85,,17-46
2024,47,2024-11-23,2,수두,705,26427,809.0,0.87,,17-46
2024,47,2024-11-23,2,홍역,0,47,0.0,,,17-46
2024,47,2024-11-23,2,콜레라,0,0,0.0,,,17-46
2024,47,2024-11-23,2,장티푸스,0,23,0.0,,,17-46
2024,47,2024-11-23,2,파라티푸스,0,20,0.0,,,17-46
2024,47,2024-11-23,2,세균성이질,1,38,1.0,1.0,,17-46
2024,47,2024-11-23,2,장출혈성대장균감염증,0,241,2.0,0.0,,17-46
2024,47,2024-11-23,2,A형간염,21,1073,67.0,0.31,,17-46
2024,47,2024-11-23,2,백일해,1109,36020,8.0,138.62,,17-46
2024,47,2024-11-23,2,유행성이하선염,98,5816,182.0,0.54,,17-46
2024,47,2024-11-23,2,풍진,0,0,0.0,,,17-46
2024,47,2024-11-23,2,수막구균 감염증,0,16,0.0,,,17-46
2024,47,2024-11-23,2,폐렴구균 감염증,1,384,8.0,0.12,,17-46
2024,47,2024-11-23,2,한센병,0,2,0.0,,,17-46
2024,47,2024-11-23,2,성홍열,90,5389,36.0,2.5,,17-46
2024,47,2024-11-23,2,반코마이신내성황색 포도알균(VRSA) 감염증,0,1,0.0,,,17-46
2024,47,2024-11-23,2,카바페넴내성장내세균목(CRE) 감염증,927,49739,496.0,1.87,,17-46
2024,47,2024-11-23,2,E형간염,13,674,,,,17-46
2024,47,2024-11-23,3,파상풍,0,30,1.0,0.0,,17-46
2024,47,2024-11-23,3,B형간염,2,233,7.0,0.29,,17-46
2024,47,2024-11-23,3,일본뇌염,0,12,0.0,,,17-46
2024,47,2024-11-23,3,C형간염,81,5703,171.0,0.47,,17-46
2024,47,2024-11-23,3,말라리아,4,690,2.0,2.0,,17-46
2024,47,2024-11-23,3,레지오넬라증,6,406,8.0,0.75,,17-46
2024,47,2024-11-23,3,비브리오패혈증,1,50,0.0,,,17-46
2024,47,2024-11-23,3,발진열,0,12,1.0,0.0,,17-46
2024,47,2024-11-23,3,쯔쯔가무시증,398,3804,619.0,0.64,,17-46
2024,47,2024-11-23,3,렙토스피라증,0,52,5.0,0.0,,17-46
2024,47,2024-11-23,3,브루셀라증,0,5,0.0,,,17-46
2024,47,2024-11-23,3,신증후군출혈열,7,289,19.0,0.37,,17-46
2024,47,2024-11-23,3,후천성면역결핍증(AIDS),18,629,18.0,1.0,,17-46
2024,47,2024-11-23,3,크로이츠펠트-야콥병(CJD),0,61,1.0,0.0,,17-46
2024,47,2024-11-23,3,뎅기열,1,178,3.0,0.33,,17-46
2024,47,2024-11-23,3,큐열,0,49,1.0,0.0,,17-46
2024,47,2024-11-23,3,라임병,0,23,1.0,0.0,,17-46
2024,47,2024-11-23,3,유비저,0,2,0.0,,,17-46
2024,47,2024-11-23,3,치쿤구니야열,0,5,0.0,,,17-46
2024,47,2024-11-23,3,중증열성혈소판감소 증후군(SFTS),0,153,0.0,,,17-46
2024,47,2024-11-23,3,지카바이러스감염증,0,0,0.0,,,17-46
2024,47,2024-11-23,3,엠폭스(원숭이두창),0,17,,,,17-46
2024,47,2024-11-23,3,매독,41,2512,,,,17-46
2024,47,2024-11-23,3,매독(1기),18,888,,,,17-46
2024,47,2024-11-23,3,필리핀(1) 매독(2기),10,458,,,,17-46
2024,47,2024-11-23,3,매독(3기),0,48,,,,17-46
2024,47,2024-11-23,3,매독(선천성),0,14,,,,17-46
2024,47,2024-11-23,3,매독(잠복),13,1104,,,,17-46
2024,51,2024-12-21,2,결핵,339,14275,336.0,1.01,,17-50
2024,51,2024-12-21,2,수두,737,30067,888.0,0.83,,17-50
2024,51,2024-12-21,2,홍역,0,47,0.0,,,17-50
2024,51,2024-12-21,2,콜레라,0,0,0.0,,,17-50
2024,51,2024-12-21,2,장티푸스,0,26,1.0,0.0,,17-50
2024,51,2024-12-21,2,파라티푸스,0,21,0.0,,,17-50
2024,51,2024-12-21,2,세균성이질,0,38,1.0,0.0,,17-50
2024,51,2024-12-21,2,장출혈성대장균감염증,0,258,1.0,0.0,,17-50
2024,51,2024-12-21,2,A형간염,16,1135,57.0,0.28,,17-50
2024,51,2024-12-21,2,백일해,1324,45559,8.0,165.5,,17-50
2024,51,2024-12-21,2,유행성이하선염,78,6177,145.0,0.54,,17-50
2024,51,2024-12-21,2,풍진,0,0,0.0,,,17-50
2024,51,2024-12-21,2,수막구균 감염증,1,17,0.0,,,17-50
2024,51,2024-12-21,2,폐렴구균 감염증,8,415,9.0,0.89,,17-50
2024,51,2024-12-21,2,한센병,0,3,0.0,,,17-50
2024,51,2024-12-21,2,성홍열,137,6186,38.0,3.61,,17-50
2024,51,2024-12-21,2,반코마이신내성황색 포도알균(VRSA) 감염증,0,1,0.0,,,17-50
2024,51,2024-12-21,2,카바페넴내성장내세균목(CRE) 감염증,611,41847,460.0,1.33,,17-50
2024,51,2024-12-21,2,E형간염,11,732,,,,17-50
2024,51,2024-12-21,3,파상풍,0,31,0.0,,,17-50
2024,51,2024-12-21,3,B형간염,4,250,6.0,0.67,,17-50
2024,51,2024-12-21,3,일본뇌염,0,18,0.0,,,17-50
2024,51,2024-12-21,3,C형간염,92,6201,162.0,0.57,,17-50
2024,51,2024-12-21,3,말라리아,4,712,1.0,4.0,,17-50
2024,51,2024-12-21,3,카메룬(1) 레지오넬라증,6,394,8.0,0.75,,17-50
2024,51,2024-12-21,3,비브리오패혈증,0,51,0.0,,,17-50
2024,51,2024-12-21,3,발진열,1,50,0.0,,,17-50
2024,51,2024-12-21,3,쯔쯔가무시증,50,5912,96.0,0.52,,17-50
2024,51,2024-12-21,3,렙토스피라증,1,68,2.0,0.5,,17-50
2024,51,2024-12-21,3,브루셀라증,0,5,0.0,,,17-50
2024,51,2024-12-21,3,신증후군출혈열,3,342,8.0,0.38,,17-50
2024,51,2024-12-21,3,후천성면역결핍증(AIDS),8,673,18.0,0.44,,17-50
2024,51,2024-12-21,3,크로이츠펠트-야콥병(CJD),1,45,1.0,1.0,,17-50
2024,51,2024-12-21,3,뎅기열,1,190,3.0,0.33,,17-50
2024,51,2024-12-21,3,큐열,0,50,1.0,0.0,,17-50
2024,51,2024-12-21,3,라임병,0,29,0.0,,,17-50
2024,51,2024-12-21,3,유비저,0,2,0.0,,,17-50
2024,51,2024-12-21,3,치쿤구니야열,0,9,0.0,,,17-50
2024,51,2024-12-21,3,중증열성혈소판감소 증후군(SFTS),0,169,0.0,,,17-50
2024,51,2024-12-21,3,지카바이러스감염증,0,0,0.0,,,17-50
2024,51,2024-12-21,3,엠폭스(원숭이두창),0,17,,,,17-50
2024,51,2024-12-21,3,매독,48,2727,,,,17-50
2024,51,2024-12-21,3,매독(1기),15,968,,,,17-50
2024,51,2024-12-21,3,매독(2기),11,507,,,,17-50
2024,51,2024-12-21,3,매독(3기),0,52,,,,17-50
2024,51,2024-12-21,3,매독(선천성),1,14,,,,17-50
2024,51,2024-12-21,3,매독(잠복),21,1186,,,,17-50
2025,1,2025-01-04,2,결핵,340,340,411.0,0.83,,18-2
2025,1,2025-01-04,2,수두,653,653,810.0,0.81,,18-2
2025,1,2025-01-04,2,홍역,0,0,0.0,,,18-2
2025,1,2025-01-04,2,콜레라,0,0,0.0,,,18-2
2025,1,2025-01-04,2,장티푸스,0,0,1.0,0.0,,18-2
2025,1,2025-01-04,2,파라티푸스,0,0,0.0,,,18-2
2025,1,2025-01-04,2,세균성이질,0,0,1.0,0.0,,18-2
2025,1,2025-01-04,2,장출혈성대장균감염증,2,2,1.0,2.0,,18-2
2025,1,2025-01-04,2,A형간염,18,18,51.0,0.35,,18-2
2025,1,2025-01-04,2,백일해,701,701,7.0,100.14,,18-2
2025,1,2025-01-04,2,유행성이하선염,138,138,136.0,1.01,,18-2
2025,1,2025-01-04,2,풍진,0,0,0.0,,,18-2
2025,1,2025-01-04,2,수막구균 감염증,0,0,0.0,,,18-2
2025,1,2025-01-04,2,폐렴구균 감염증,13,13,10.0,1.3,,18-2
2025,1,2025-01-04,2,한센병,0,0,0.0,,,18-2
2025,1,2025-01-04,2,성홍열,118,118,39.0,3.03,,18-2
2025,1,2025-01-04,2,반코마이신내성황색포도알 균(VRSA) 감염증,0,0,0.0,,,18-2
2025,1,2025-01-04,2,카바페넴내성장내세균목(CRE) 감염증,494,494,536.0,0.92,,18-2
2025,1,2025-01-04,2,E형간염,10,10,,,,18-2
2025,1,2025-01-04,3,파상풍,0,0,0.0,,,18-2
2025,1,2025-01-04,3,B형간염,4,4,7.0,0.57,,18-2
2025,1,2025-01-04,3,일본뇌염,0,0,0.0,,,18-2
2025,1,2025-01-04,3,C형간염,72,72,175.0,0.41,,18-2
2025,1,2025-01-04,3,말라리아,1,1,1.0,1.0,,18-2
2025,1,2025-01-04,3,레지오넬라증,1,1,8.0,0.12,,18-2
2025,1,2025-01-04,3,비브리오패혈증,0,0,0.0,,,18-2
2025,1,2025-01-04,3,발진열,0,0,0.0,,,18-2
2025,1,2025-01-04,3,쯔쯔가무시증,8,8,38.0,0.21,,18-2
2025,1,2025-01-04,3,렙토스피라증,0,0,1.0,0.0,,18-2
2025,1,2025-01-04,3,브루셀라증,0,0,0.0,,,18-2
2025,1,2025-01-04,3,신증후군출혈열,2,2,6.0,0.33,,18-2
2025,1,2025-01-04,3,후천성면역결핍증(AIDS),1,1,4.0,0.25,,18-2
2025,1,2025-01-04,3,크로이츠펠트-야콥병(CJD),0,0,1.0,0.0,,18-2
2025,1,2025-01-04,3,뎅기열,1,1,2.0,0.5,,18-2
2025,1,2025-01-04,3,큐열,1,1,1.0,1.0,,18-2
2025,1,2025-01-04,3,라임병,0,0,0.0,,,18-2
2025,1,2025-01-04,3,유비저,0,0,0.0,,,18-2
2025,1,2025-01-04,3,치쿤구니야열,0,0,0.0,,,18-2
2025,1,2025-01-04,3,중 증 열 성 혈 소 판 감 소 증 후 군(SFTS),0,0,0.0,,,18-2
2025,1,2025-01-04,3,지카바이러스감염증,0,0,0.0,,,18-2
2025,1,2025-01-04,3,엠폭스(원숭이두창),0,0,,,,18-2
2025,1,2025-01-04,3,매독,7,7,,,Y,18-2
2025,1,2025-01-04,3,매독(1기),4,4,,,,18-2
2025,1,2025-01-04,3,매독(2기),2,2,,,,18-2
2025,1,2025-01-04,3,매독(3기),0,0,,,,18-2
2025,1,2025-01-04,3,매독(선천성),0,0,,,,18-2
2025,1,2025-01-04,3,매독(잠복),1,1,,,,18-2
2025,6,2025-02-08,2,결핵,502,2366,391.0,1.28,,18-6
2025,6,2025-02-08,2,수두,321,3320,514.0,0.62,,18-6
2025,6,2025-02-08,2,홍역,0,2,0.0,,,18-6
2025,6,2025-02-08,2,콜레라,0,0,0.0,,,18-6
2025,6,2025-02-08,2,장티푸스,0,7,1.0,0.0,,18-6
2025,6,2025-02-08,2,파라티푸스,0,0,1.0,0.0,,18-6
2025,6,2025-02-08,2,세균성이질,0,2,0.0,,,18-6
2025,6,2025-02-08,2,장출혈성대장균감염증,1,11,1.0,1.0,,18-6
2025,6,2025-02-08,2,A형간염,28,148,52.0,0.54,,18-6
2025,6,2025-02-08,2,백일해,254,2992,6.0,42.33,,18-6
2025,6,2025-02-08,2,유행성이하선염,61,656,129.0,0.47,,18-6
2025,6,2025-02-08,2,풍진,0,0,0.0,,,18-6
2025,6,2025-02-08,2,수막구균 감염증,0,1,0.0,,,18-6
2025,6,2025-02-08,2,폐렴구균 감염증,11,107,9.0,1.22,,18-6
2025,6,2025-02-08,2,한센병,0,0,0.0,,,18-6
2025,6,2025-02-08,2,성홍열,75,711,39.0,1.92,,18-6
2025,6,2025-02-08,2,반코마이신내성황색포도알균(VRSA) 감염증,0,0,0.0,,,18-6
2025,6,2025-02-08,2,카바페넴내성장내세균목(CRE) 감염증,783,4099,518.0,1.51,,18-6
2025,6,2025-02-08,2,E형간염,11,81,,,,18-6
2025,6,2025-02-08,3,파상풍,0,1,0.0,,,18-6
2025,6,2025-02-08,3,B형간염,1,26,7.0,0.14,,18-6
2025,6,2025-02-08,3,일본뇌염,0,0,0.0,,,18-6
2025,6,2025-02-08,3,C형간염,60,545,179.0,0.34,,18-6
2025,6,2025-02-08,3,말라리아,0,5,1.0,0.0,,18-6
2025,6,2025-02-08,3,레지오넬라증,8,47,7.0,1.14,,18-6
2025,6,2025-02-08,3,비브리오패혈증,0,0,0.0,,,18-6
2025,6,2025-02-08,3,발진열,0,4,0.0,,,18-6
2025,6,2025-02-08,3,쯔쯔가무시증,1,30,14.0,0.07,,18-6
2025,6,2025-02-08,3,렙토스피라증,2,3,0.0,,,18-6
2025,6,2025-02-08,3,브루셀라증,0,2,0.0,,,18-6
2025,6,2025-02-08,3,신증후군출혈열,0,15,3.0,0.0,,18-6
2025,6,2025-02-08,3,후천성면역결핍증(AIDS),11,50,13.0,0.85,,18-6
2025,6,2025-02-08,3,크로이츠펠트-야콥병(CJD),0,3,2.0,0.0,,18-6
2025,6,2025-02-08,3,뎅기열,2,13,2.0,1.0,,18-6
2025,6,2025-02-08,3,큐열,0,2,1.0,0.0,,18-6
2025,6,2025-02-08,3,라임병,0,1,0.0,,,18-6
2025,6,2025-02-08,3,유비저,0,1,0.0,,,18-6
2025,6,2025-02-08,3,치쿤구니야열,0,0,0.0,,,18-6
2025,6,2025-02-08,3,중증열성혈소판감소증후군(SFTS),0,0,0.0,,,18-6
2025,6,2025-02-08,3,지카바이러스감염증,0,0,0.0,,,18-6
2025,6,2025-02-08,3,엠폭스(원숭이두창),0,0,,,,18-6
2025,6,2025-02-08,3,매독,26,170,,,Y,18-6
2025,6,2025-02-08,3,매독(1기),10,74,,,,18-6
2025,6,2025-02-08,3,매독(2기),4,19,,,,18-6
2025,6,2025-02-08,3,매독(3기),1,5,,,,18-6
2025,6,2025-02-08,3,매독(선천성),0,4,,,,18-6
2025,6,2025-02-08,3,매독(잠복),11,68,,,,18-6
2025,10,2025-03-08,2,결핵,367,3810,391.0,0.94,,18-10
2025,10,2025-03-08,2,수두,138,4826,397.0,0.35,,18-10
2025,10,2025-03-08,2,홍역,7,16,0.0,,,18-10
2025,10,2025-03-08,2,콜레라,0,0,0.0,,,18-10
2025,10,2025-03-08,2,장티푸스,0,13,1.0,0.0,,18-10
2025,10,2025-03-08,2,파라티푸스,0,2,0.0,,,18-10
2025,10,2025-03-08,2,세균성이질,0,4,0.0,,,18-10
2025,10,2025-03-08,2,장출혈성대장균감염증,0,23,1.0,0.0,,18-10
2025,10,2025-03-08,2,A형간염,12,245,54.0,0.22,,18-10
2025,10,2025-03-08,2,백일해,89,3674,4.0,22.25,,18-10
2025,10,2025-03-08,2,유행성이하선염,25,937,136.0,0.18,,18-10
2025,10,2025-03-08,2,풍진,0,0,0.0,,,18-10
2025,10,2025-03-08,2,수막구균 감염증,0,1,0.0,,,18-10
2025,10,2025-03-08,2,폐렴구균 감염증,4,138,7.0,0.57,,18-10
2025,10,2025-03-08,2,한센병,0,0,0.0,,,18-10
2025,10,2025-03-08,2,성홍열,31,1228,29.0,1.07,,18-10
2025,10,2025-03-08,2,반코마이신내성황색포도알균(VRSA) 감염증,0,1,0.0,,,18-10
2025,10,2025-03-08,2,카바페넴내성장내세균목(CRE) 감염증,516,6904,483.0,1.07,,18-10
2025,10,2025-03-08,2,E형간염,5,147,,,,18-10
2025,10,2025-03-08,3,파상풍,0,1,0.0,,,18-10
2025,10,2025-03-08,3,B형간염,3,46,6.0,0.5,,18-10
2025,10,2025-03-08,3,일본뇌염,0,0,0.0,,,18-10
2025,10,2025-03-08,3,C형간염,67,994,169.0,0.4,,18-10
2025,10,2025-03-08,3,말라리아,3,12,1.0,3.0,,18-10
2025,10,2025-03-08,3,레지오넬라증,3,77,6.0,0.5,,18-10
2025,10,2025-03-08,3,비브리오패혈증,0,0,0.0,,,18-10
2025,10,2025-03-08,3,발진열,0,6,0.0,,,18-10
2025,10,2025-03-08,3,쯔쯔가무시증,0,34,10.0,0.0,,18-10
2025,10,2025-03-08,3,렙토스피라증,0,7,1.0,0.0,,18-10
2025,10,2025-03-08,3,브루셀라증,0,2,0.0,,,18-10
2025,10,2025-03-08,3,신증후군출혈열,1,28,2.0,0.5,,18-10
2025,10,2025-03-08,3,후천성면역결핍증(AIDS),11,102,16.0,0.69,,18-10
2025,10,2025-03-08,3,크로이츠펠트-야콥병(CJD),0,7,1.0,0.0,,18-10
2025,10,2025-03-08,3,뎅기열,1,20,2.0,0.5,,18-10
2025,10,2025-03-08,3,큐열,1,5,1.0,1.0,,18-10
2025,10,2025-03-08,3,라임병,0,2,0.0,,,18-10
2025,10,2025-03-08,3,유비저,0,1,0.0,,,18-10
2025,10,2025-03-08,3,치쿤구니야열,0,0,0.0,,,18-10
2025,10,2025-03-08,3,중증열성혈소판감소증후군(SFTS),1,1,0.0,,,18-10
2025,10,2025-03-08,3,지카바이러스감염증,0,0,0.0,,,18-10
2025,10,2025-03-08,3,엠폭스(원숭이두창),1,1,,,,18-10
2025,10,2025-03-08,3,매독,32,383,,,,18-10
2025,10,2025-03-08,3,매독(1기),10,146,,,,18-10
2025,10,2025-03-08,3,매독(2기),5,50,,,,18-10
2025,10,2025-03-08,3,매독(3기),1,9,,,,18-10
2025,10,2025-03-08,3,매독(선천성),0,6,,,,18-10
2025,10,2025-03-08,3,매독(잠복),16,172,,,,18-10
2025,14,2025-04-05,2,결핵,423,5261,410.0,1.03,,18-14
2025,14,2025-04-05,2,수두,233,6714,426.0,0.55,,18-14
2025,14,2025-04-05,2,홍역,1,27,1.0,1.0,,18-14
2025,14,2025-04-05,2,콜레라,0,0,0.0,,,18-14
2025,14,2025-04-05,2,장티푸스,0,15,0.0,,,18-14
2025,14,2025-04-05,2,파라티푸스,1,4,0.0,,,18-14
2025,14,2025-04-05,2,세균성이질,0,8,1.0,0.0,,18-14
2025,14,2025-04-05,2,장출혈성대장균감염증,0,32,2.0,0.0,,18-14
2025,14,2025-04-05,2,A형간염,21,335,59.0,0.36,,18-14
2025,14,2025-04-05,2,백일해,63,4009,7.0,9.0,,18-14
2025,14,2025-04-05,2,유행성이하선염,48,1365,164.0,0.29,,18-14
2025,14,2025-04-05,2,풍진,0,0,0.0,,,18-14
2025,14,2025-04-05,2,수막구균 감염증,0,3,0.0,,,18-14
2025,14,2025-04-05,2,폐렴구균 감염증,5,173,8.0,0.62,,18-14
2025,14,2025-04-05,2,한센병,0,0,0.0,,,18-14
2025,14,2025-04-05,2,성홍열,156,1971,27.0,5.78,,18-14
2025,14,2025-04-05,2,반코마이신내성황색포도알균(VRSA) 감염증,0,1,0.0,,,18-14
2025,14,2025-04-05,2,카바페넴내성장내세균목(CRE) 감염증,720,10151,495.0,1.45,,18-14
2025,14,2025-04-05,2,E형간염,17,222,,,,18-14
2025,14,2025-04-05,3,파상풍,1,4,0.0,,,18-14
2025,14,2025-04-05,3,B형간염,5,64,6.0,0.83,,18-14
2025,14,2025-04-05,3,일본뇌염,0,0,0.0,,,18-14
2025,14,2025-04-05,3,C형간염,99,1501,175.0,0.57,,18-14
2025,14,2025-04-05,3,러시아(1) 말라리아,4,21,3.0,1.33,,18-14
2025,14,2025-04-05,3,레지오넬라증,2,117,6.0,0.33,,18-14
2025,14,2025-04-05,3,비브리오패혈증,0,0,0.0,,,18-14
2025,14,2025-04-05,3,발진열,0,11,0.0,,,18-14
2025,14,2025-04-05,3,쯔쯔가무시증,1,40,14.0,0.07,,18-14
2025,14,2025-04-05,3,렙토스피라증,0,9,1.0,0.0,,18-14
2025,14,2025-04-05,3,브루셀라증,0,1,0.0,,,18-14
2025,14,2025-04-05,3,신증후군출혈열,2,41,3.0,0.67,,18-14
2025,14,2025-04-05,3,후천성면역결핍증(AIDS),16,153,12.0,1.33,,18-14
2025,14,2025-04-05,3,크로이츠펠트-야콥병(CJD),0,11,1.0,0.0,,18-14
2025,14,2025-04-05,3,뎅기열,0,28,1.0,0.0,,18-14
2025,14,2025-04-05,3,큐열,0,9,1.0,0.0,,18-14
2025,14,2025-04-05,3,라임병,0,3,0.0,,,18-14
2025,14,2025-04-05,3,유비저,0,1,0.0,,,18-14
2025,14,2025-04-05,3,치쿤구니야열,0,0,0.0,,,18-14
2025,14,2025-04-05,3,중증열성혈소판감소증후군(SFTS),0,0,0.0,,,18-14
2025,14,2025-04-05,3,지카바이러스감염증,0,0,0.0,,,18-14
2025,14,2025-04-05,3,엠폭스(원숭이두창),0,1,,,Y,18-14
2025,14,2025-04-05,3,매독,32,573,,,Y,18-14
2025,14,2025-04-05,3,매독(1기),12,209,,,Y,18-14
2025,14,2025-04-05,3,매독(2기),6,87,,,Y,18-14
2025,14,2025-04-05,3,매독(3기),1,10,,,Y,18-14
2025,14,2025-04-05,3,매독(선천성),0,6,,,Y,18-14
2025,14,2025-04-05,3,매독(잠복),13,261,,,Y,18-14
2025,18,2025-05-03,2,결핵,377,6641,376.0,1.0,,18-18
2025,18,2025-05-03,2,수두,414,9816,558.0,0.74,,18-18
2025,18,2025-05-03,2,홍역,3,52,1.0,3.0,,18-18
2025,18,2025-05-03,2,콜레라,0,0,0.0,,,18-18
2025,18,2025-05-03,2,장티푸스,0,16,1.0,0.0,,18-18
2025,18,2025-05-03,2,파라티푸스,0,4,0.0,,,18-18
2025,18,2025-05-03,2,세균성이질,0,14,1.0,0.0,,18-18
2025,18,2025-05-03,2,장출혈성대장균감염증,2,42,2.0,1.0,,18-18
2025,18,2025-05-03,2,A형간염,13,414,68.0,0.19,,18-18
2025,18,2025-05-03,2,백일해,44,4282,20.0,2.2,,18-18
2025,18,2025-05-03,2,유행성이하선염,77,2039,192.0,0.4,,18-18
2025,18,2025-05-03,2,풍진,0,0,0.0,,,18-18
2025,18,2025-05-03,2,수막구균 감염증,0,3,0.0,,,18-18
2025,18,2025-05-03,2,폐렴구균 감염증,1,221,7.0,0.14,,18-18
2025,18,2025-05-03,2,한센병,0,0,0.0,,,18-18
2025,18,2025-05-03,2,성홍열,157,2834,40.0,3.92,,18-18
2025,18,2025-05-03,2,반코마이신내성황색포도알균(VRSA) 감염증,0,1,0.0,,,18-18
2025,18,2025-05-03,2,카바페넴내성장내세균목(CRE) 감염증,595,15564,540.0,1.1,,18-18
2025,18,2025-05-03,2,E형간염,8,284,,,,18-18
2025,18,2025-05-03,3,파상풍,0,6,0.0,,,18-18
2025,18,2025-05-03,3,B형간염,2,82,7.0,0.29,,18-18
2025,18,2025-05-03,3,일본뇌염,0,0,0.0,,,18-18
2025,18,2025-05-03,3,C형간염,81,1973,177.0,0.46,,18-18
2025,18,2025-05-03,3,말라리아,6,61,7.0,0.86,,18-18
2025,18,2025-05-03,3,레지오넬라증,6,149,6.0,1.0,,18-18
2025,18,2025-05-03,3,비브리오패혈증,0,0,0.0,,,18-18
2025,18,2025-05-03,3,발진열,0,12,0.0,,,18-18
2025,18,2025-05-03,3,쯔쯔가무시증,4,64,20.0,0.2,,18-18
2025,18,2025-05-03,3,렙토스피라증,0,12,1.0,0.0,,18-18
2025,18,2025-05-03,3,브루셀라증,0,3,0.0,,,18-18
2025,18,2025-05-03,3,신증후군출혈열,0,47,4.0,0.0,,18-18
2025,18,2025-05-03,3,후천성면역결핍증(AIDS),10,204,13.0,0.77,,18-18
2025,18,2025-05-03,3,크로이츠펠트-야콥병(CJD),0,11,1.0,0.0,,18-18
2025,18,2025-05-03,3,뎅기열,1,31,1.0,1.0,,18-18
2025,18,2025-05-03,3,큐열,1,14,1.0,1.0,,18-18
2025,18,2025-05-03,3,라임병,1,4,0.0,,,18-18
2025,18,2025-05-03,3,유비저,0,1,0.0,,,18-18
2025,18,2025-05-03,3,치쿤구니야열,0,0,0.0,,,18-18
2025,18,2025-05-03,3,중증열성혈소판감소증후군(SFTS),1,5,2.0,0.5,,18-18
2025,18,2025-05-03,3,지카바이러스감염증,0,0,0.0,,,18-18
2025,18,2025-05-03,3,엠폭스(원숭이두창),0,3,,,,18-18
2025,18,2025-05-03,3,매독,27,727,,,,18-18
2025,18,2025-05-03,3,매독(1기),7,257,,,,18-18
2025,18,2025-05-03,3,매독(2기),5,113,,,,18-18
2025,18,2025-05-03,3,매독(3기),1,16,,,,18-18
2025,18,2025-05-03,3,매독(선천성),0,4,,,,18-18
2025,18,2025-05-03,3,매독(잠복),14,337,,,,18-18
2025,22,2025-05-31,2,결핵,371,7912,401.0,0.93,,18-22
2025,22,2025-05-31,2,수두,700,13455,629.0,1.11,,18-22
2025,22,2025-05-31,2,홍역,0,60,0.0,,,18-22
2025,22,2025-05-31,2,콜레라,0,0,0.0,,,18-22
2025,22,2025-05-31,2,장티푸스,0,16,1.0,0.0,,18-22
2025,22,2025-05-31,2,파라티푸스,0,6,1.0,0.0,,18-22
2025,22,2025-05-31,2,세균성이질,3,24,1.0,3.0,,18-22
2025,22,2025-05-31,2,장출혈성대장균감염증,2,68,6.0,0.33,,18-22
2025,22,2025-05-31,2,A형간염,16,511,69.0,0.23,,18-22
2025,22,2025-05-31,2,백일해,61,4608,80.0,0.76,,18-22
2025,22,2025-05-31,2,유행성이하선염,184,2838,200.0,0.92,,18-22
2025,22,2025-05-31,2,풍진,0,0,0.0,,,18-22
2025,22,2025-05-31,2,수막구균 감염증,0,3,0.0,,,18-22
2025,22,2025-05-31,2,폐렴구균 감염증,8,260,7.0,1.14,,18-22
2025,22,2025-05-31,2,한센병,0,1,0.0,,,18-22
2025,22,2025-05-31,2,성홍열,306,4195,57.0,5.37,,18-22
2025,22,2025-05-31,2,반코마이신내성황색포도알균(VRSA) 감염증,0,1,0.0,,,18-22
2025,22,2025-05-31,2,카바페넴내성장내세균목(CRE) 감염증,878,19290,549.0,1.6,,18-22
2025,22,2025-05-31,2,E형간염,8,340,,,,18-22
2025,22,2025-05-31,3,파상풍,0,7,0.0,,,18-22
2025,22,2025-05-31,3,B형간염,3,99,6.0,0.5,,18-22
2025,22,2025-05-31,3,일본뇌염,0,0,0.0,,,18-22
2025,22,2025-05-31,3,C형간염,109,2437,178.0,0.61,,18-22
2025,22,2025-05-31,3,말라리아,16,108,16.0,1.0,,18-22
2025,22,2025-05-31,3,레지오넬라증,10,200,8.0,1.25,,18-22
2025,22,2025-05-31,3,비브리오패혈증,0,1,0.0,,,18-22
2025,22,2025-05-31,3,발진열,0,12,0.0,,,18-22
2025,22,2025-05-31,3,쯔쯔가무시증,9,109,26.0,0.35,,18-22
2025,22,2025-05-31,3,렙토스피라증,1,15,2.0,0.5,,18-22
2025,22,2025-05-31,3,브루셀라증,0,4,0.0,,,18-22
2025,22,2025-05-31,3,신증후군출혈열,5,67,6.0,0.83,,18-22
2025,22,2025-05-31,3,후천성면역결핍증(AIDS),9,255,16.0,0.56,,18-22
2025,22,2025-05-31,3,크로이츠펠트-야콥병(CJD),0,16,1.0,0.0,,18-22
2025,22,2025-05-31,3,뎅기열,1,35,1.0,1.0,,18-22
2025,22,2025-05-31,3,큐열,0,20,2.0,0.0,,18-22
2025,22,2025-05-31,3,라임병,0,6,1.0,0.0,,18-22
2025,22,2025-05-31,3,유비저,0,2,0.0,,,18-22
2025,22,2025-05-31,3,치쿤구니야열,0,1,0.0,,,18-22
2025,22,2025-05-31,3,중증열성혈소판감소증후군(SFTS),3,32,4.0,0.75,,18-22
2025,22,2025-05-31,3,지카바이러스감염증,1,1,0.0,,,18-22
2025,22,2025-05-31,3,엠폭스(원숭이두창),0,3,,,,18-22
2025,22,2025-05-31,3,매독,14,888,,,,18-22
2025,22,2025-05-31,3,매독(1기),5,319,,,,18-22
2025,22,2025-05-31,3,매독(2기),3,150,,,,18-22
2025,22,2025-05-31,3,매독(3기),0,22,,,,18-22
2025,22,2025-05-31,3,매독(선천성),0,8,,,,18-22
2025,22,2025-05-31,3,매독(잠복),6,389,,,,18-22
2025,26,2025-06-28,2,결핵,381,9186,411.0,0.93,,18-26
2025,26,2025-06-28,2,수두,700,16556,536.0,1.31,,18-26
2025,26,2025-06-28,2,홍역,0,63,0.0,,,18-26
2025,26,2025-06-28,2,콜레라,0,0,0.0,,,18-26
2025,26,2025-06-28,2,장티푸스,0,16,1.0,0.0,,18-26
2025,26,2025-06-28,2,파라티푸스,0,5,0.0,,,18-26
2025,26,2025-06-28,2,세균성이질,0,30,1.0,0.0,,18-26
2025,26,2025-06-28,2,장출혈성대장균감염증,6,130,15.0,0.4,,18-26
2025,26,2025-06-28,2,A형간염,19,591,67.0,0.28,,18-26
2025,26,2025-06-28,2,백일해,72,4958,340.0,0.21,,18-26
2025,26,2025-06-28,2,유행성이하선염,190,3656,183.0,1.04,,18-26
2025,26,2025-06-28,2,풍진,0,0,0.0,,,18-26
2025,26,2025-06-28,2,수막구균 감염증,1,7,0.0,,,18-26
2025,26,2025-06-28,2,폐렴구균 감염증,2,274,6.0,0.33,,18-26
2025,26,2025-06-28,2,한센병,0,1,0.0,,,18-26
2025,26,2025-06-28,2,성홍열,427,6144,63.0,6.78,,18-26
2025,26,2025-06-28,2,반코마이신내성황색포도알균(VRSA) 감염증,0,1,0.0,,,18-26
2025,26,2025-06-28,2,카바페넴내성장내세균목(CRE) 감염증,900,22971,627.0,1.44,,18-26
2025,26,2025-06-28,2,E형간염,18,404,,,,18-26
2025,26,2025-06-28,3,파상풍,1,9,1.0,1.0,,18-26
2025,26,2025-06-28,3,B형간염,2,114,7.0,0.29,,18-26
2025,26,2025-06-28,3,일본뇌염,0,0,0.0,,,18-26
2025,26,2025-06-28,3,C형간염,101,2906,185.0,0.55,,18-26
2025,26,2025-06-28,3,말라리아,19,189,27.0,0.7,,18-26
2025,26,2025-06-28,3,레지오넬라증,6,238,8.0,0.75,,18-26
2025,26,2025-06-28,3,비브리오패혈증,2,3,1.0,2.0,,18-26
2025,26,2025-06-28,3,발진열,0,7,0.0,,,18-26
2025,26,2025-06-28,3,쯔쯔가무시증,12,150,27.0,0.44,,18-26
2025,26,2025-06-28,3,렙토스피라증,0,16,2.0,0.0,,18-26
2025,26,2025-06-28,3,브루셀라증,0,4,0.0,,,18-26
2025,26,2025-06-28,3,신증후군출혈열,0,87,6.0,0.0,,18-26
2025,26,2025-06-28,3,후천성면역결핍증(AIDS),17,322,16.0,1.06,,18-26
2025,26,2025-06-28,3,크로이츠펠트-야콥병(CJD),0,22,2.0,0.0,,18-26
2025,26,2025-06-28,3,뎅기열,2,42,2.0,1.0,,18-26
2025,26,2025-06-28,3,큐열,2,27,1.0,2.0,,18-26
2025,26,2025-06-28,3,라임병,0,7,1.0,0.0,,18-26
2025,26,2025-06-28,3,유비저,0,2,0.0,,,18-26
2025,26,2025-06-28,3,치쿤구니야열,0,1,0.0,,,18-26
2025,26,2025-06-28,3,중증열성혈소판감소증후군(SFTS),2,75,8.0,0.25,,18-26
2025,26,2025-06-28,3,지카바이러스감염증,0,2,0.0,,,18-26
2025,26,2025-06-28,3,엠폭스(원숭이두창),0,3,,,,18-26
2025,26,2025-06-28,3,매독,38,1085,,,,18-26
2025,26,2025-06-28,3,매독(1기),11,372,,,,18-26
2025,26,2025-06-28,3,매독(2기),12,203,,,,18-26
2025,26,2025-06-28,3,매독(3기),2,29,,,,18-26
2025,26,2025-06-28,3,매독(선천성),0,9,,,,18-26
2025,26,2025-06-28,3,매독(잠복),13,472,,,,18-26
2025,30,2025-07-26,2,결핵,372,10570,377.0,0.99,,18-30
2025,30,2025-07-26,2,수두,441,18989,494.0,0.89,,18-30
2025,30,2025-07-26,2,홍역,0,65,0.0,,,18-30
2025,30,2025-07-26,2,콜레라,0,0,0.0,,,18-30
2025,30,2025-07-26,2,장티푸스,0,21,1.0,0.0,,18-30
2025,30,2025-07-26,2,파라티푸스,0,7,1.0,0.0,,18-30
2025,30,2025-07-26,2,세균성이질,0,34,1.0,0.0,,18-30
2025,30,2025-07-26,2,장출혈성대장균감염증,1,236,9.0,0.11,,18-30
2025,30,2025-07-26,2,A형간염,21,670,60.0,0.35,,18-30
2025,30,2025-07-26,2,백일해,47,5211,398.0,0.12,,18-30
2025,30,2025-07-26,2,유행성이하선염,130,4293,157.0,0.83,,18-30
2025,30,2025-07-26,2,풍진,0,0,0.0,,,18-30
2025,30,2025-07-26,2,수막구균 감염증,0,7,0.0,,,18-30
2025,30,2025-07-26,2,폐렴구균 감염증,3,294,6.0,0.5,,18-30
2025,30,2025-07-26,2,한센병,0,1,0.0,,,18-30
2025,30,2025-07-26,2,성홍열,221,7763,50.0,4.42,,18-30
2025,30,2025-07-26,2,반코마이신내성황색포도알균(VRSA) 감염증,0,1,0.0,,,18-30
2025,30,2025-07-26,2,카바페넴내성장내세균목(CRE) 감염증,1039,27267,689.0,1.51,,18-30
2025,30,2025-07-26,2,E형간염,14,465,,,,18-30
2025,30,2025-07-26,3,파상풍,0,12,1.0,0.0,,18-30
2025,30,2025-07-26,3,B형간염,6,134,8.0,0.75,,18-30
2025,30,2025-07-26,3,일본뇌염,0,0,0.0,,,18-30
2025,30,2025-07-26,3,C형간염,67,3305,177.0,0.38,,18-30
2025,30,2025-07-26,3,말라리아,26,341,26.0,1.0,,18-30
2025,30,2025-07-26,3,레지오넬라증,4,290,13.0,0.31,,18-30
2025,30,2025-07-26,3,비브리오패혈증,0,4,2.0,0.0,,18-30
2025,30,2025-07-26,3,발진열,0,8,0.0,,,18-30
2025,30,2025-07-26,3,쯔쯔가무시증,1,174,25.0,0.04,,18-30
2025,30,2025-07-26,3,렙토스피라증,0,19,2.0,0.0,,18-30
2025,30,2025-07-26,3,브루셀라증,0,4,0.0,,,18-30
2025,30,2025-07-26,3,신증후군출혈열,0,99,6.0,0.0,,18-30
2025,30,2025-07-26,3,후천성면역결핍증(AIDS),9,372,14.0,0.64,,18-30
2025,30,2025-07-26,3,크로이츠펠트-야콥병(CJD),0,31,1.0,0.0,,18-30
2025,30,2025-07-26,3,뎅기열,5,54,2.0,2.5,,18-30
2025,30,2025-07-26,3,필리핀(3) 큐열,1,31,2.0,0.5,,18-30
2025,30,2025-07-26,3,라임병,0,16,1.0,0.0,,18-30
2025,30,2025-07-26,3,유비저,1,4,0.0,,,18-30
2025,30,2025-07-26,3,치쿤구니야열,0,1,0.0,,,18-30
2025,30,2025-07-26,3,중증열성혈소판감소증후군(SFTS),5,123,7.0,0.71,,18-30
2025,30,2025-07-26,3,지카바이러스감염증,0,2,0.0,,,18-30
2025,30,2025-07-26,3,엠폭스(원숭이두창),0,5,,,,18-30
2025,30,2025-07-26,3,매독,30,1262,,,,18-30
2025,30,2025-07-26,3,매독(1기),11,422,,,,18-30
2025,30,2025-07-26,3,매독(2기),8,252,,,,18-30
2025,30,2025-07-26,3,매독(3기),1,34,,,,18-30
2025,30,2025-07-26,3,매독(선천성),0,7,,,,18-30
2025,30,2025-07-26,3,매독(잠복),10,547,,,,18-30
2025,34,2025-08-23,2,결핵,421,11851,374.0,1.13,,18-34
2025,34,2025-08-23,2,수두,218,20697,388.0,0.56,,18-34
2025,34,2025-08-23,2,홍역,0,68,0.0,,,18-34
2025,34,2025-08-23,2,콜레라,0,0,0.0,,,18-34
2025,34,2025-08-23,2,장티푸스,0,20,1.0,0.0,,18-34
2025,34,2025-08-23,2,파라티푸스,1,12,1.0,1.0,,18-34
2025,34,2025-08-23,2,세균성이질,0,37,1.0,0.0,,18-34
2025,34,2025-08-23,2,장출혈성대장균감염증,2,319,6.0,0.33,,18-34
2025,34,2025-08-23,2,A형간염,14,748,58.0,0.24,,18-34
2025,34,2025-08-23,2,백일해,37,5414,170.0,0.22,,18-34
2025,34,2025-08-23,2,유행성이하선염,60,4708,141.0,0.43,,18-34
2025,34,2025-08-23,2,풍진,0,0,0.0,,,18-34
2025,34,2025-08-23,2,수막구균 감염증,0,7,0.0,,,18-34
2025,34,2025-08-23,2,폐렴구균 감염증,2,312,5.0,0.4,,18-34
2025,34,2025-08-23,2,한센병,0,1,0.0,,,18-34
2025,34,2025-08-23,2,성홍열,152,8857,35.0,4.34,,18-34
2025,34,2025-08-23,2,반코마이신내성황색포도알균(VRSA) 감염증,0,2,0.0,,,18-34
2025,34,2025-08-23,2,카바페넴내성장내세균목(CRE) 감염증,632,31080,725.0,0.87,,18-34
2025,34,2025-08-23,2,E형간염,20,529,,,,18-34
2025,34,2025-08-23,3,파상풍,1,15,1.0,1.0,,18-34
2025,34,2025-08-23,3,B형간염,6,159,7.0,0.86,,18-34
2025,34,2025-08-23,3,일본뇌염,0,0,0.0,,,18-34
2025,34,2025-08-23,3,C형간염,82,3750,158.0,0.52,,18-34
2025,34,2025-08-23,3,말라리아,19,442,18.0,1.06,,18-34
2025,34,2025-08-23,3,레지오넬라증,9,334,11.0,0.82,,18-34
2025,34,2025-08-23,3,비브리오패혈증,2,14,4.0,0.5,,18-34
2025,34,2025-08-23,3,발진열,0,8,0.0,,,18-34
2025,34,2025-08-23,3,쯔쯔가무시증,9,206,25.0,0.36,,18-34
2025,34,2025-08-23,3,렙토스피라증,0,23,2.0,0.0,,18-34
2025,34,2025-08-23,3,브루셀라증,0,5,0.0,,,18-34
2025,34,2025-08-23,3,신증후군출혈열,1,114,5.0,0.2,,18-34
2025,34,2025-08-23,3,후천성면역결핍증(AIDS),15,424,13.0,1.15,,18-34
2025,34,2025-08-23,3,크로이츠펠트-야콥병(CJD),0,36,1.0,0.0,,18-34
2025,34,2025-08-23,3,뎅기열,4,66,3.0,1.33,,18-34
2025,34,2025-08-23,3,큐열,3,40,2.0,1.5,,18-34
2025,34,2025-08-23,3,라임병,0,21,1.0,0.0,,18-34
2025,34,2025-08-23,3,유비저,0,4,0.0,,,18-34
2025,34,2025-08-23,3,치쿤구니야열,0,1,0.0,,,18-34
2025,34,2025-08-23,3,중증열성혈소판감소증후군(SFTS),7,154,7.0,1.0,,18-34
2025,34,2025-08-23,3,지카바이러스감염증,0,3,0.0,,,18-34
2025,34,2025-08-23,3,엠폭스(원숭이두창),1,9,,,,18-34
2025,34,2025-08-23,3,매독,39,1442,,,,18-34
2025,34,2025-08-23,3,매독(1기),17,487,,,,18-34
2025,34,2025-08-23,3,매독(2기),9,283,,,,18-34
2025,34,2025-08-23,3,매독(3기),0,37,,,,18-34
2025,34,2025-08-23,3,매독(선천성),0,8,,,,18-34
2025,34,2025-08-23,3,매독(잠복),13,627,,,,18-34
2025,38,2025-09-20,2,결핵,400,13183,351.0,1.14,,18-38
2025,38,2025-09-20,2,수두,301,22445,326.0,0.92,,18-38
2025,38,2025-09-20,2,홍역,0,69,0.0,,,18-38
2025,38,2025-09-20,2,콜레라,0,0,0.0,,,18-38
2025,38,2025-09-20,2,장티푸스,1,24,1.0,1.0,,18-38
2025,38,2025-09-20,2,파라티푸스,0,13,1.0,0.0,,18-38
2025,38,2025-09-20,2,세균성이질,0,49,0.0,,,18-38
2025,38,2025-09-20,2,장출혈성대장균감염증,1,381,4.0,0.25,,18-38
2025,38,2025-09-20,2,A형간염,17,829,54.0,0.31,,18-38
2025,38,2025-09-20,2,백일해,25,5537,179.0,0.14,,18-38
2025,38,2025-09-20,2,유행성이하선염,83,5209,134.0,0.62,,18-38
2025,38,2025-09-20,2,풍진,0,0,0.0,,,18-38
2025,38,2025-09-20,2,수막구균 감염증,0,8,0.0,,,18-38
2025,38,2025-09-20,2,폐렴구균 감염증,4,327,5.0,0.8,,18-38
2025,38,2025-09-20,2,한센병,0,2,0.0,,,18-38
2025,38,2025-09-20,2,성홍열,157,9751,32.0,4.91,,18-38
2025,38,2025-09-20,2,반코마이신내성황색포도알균(VRSA) 감염증,0,2,0.0,,,18-38
2025,38,2025-09-20,2,카바페넴내성장내세균목(CRE) 감염증,1041,35823,654.0,1.59,,18-38
2025,38,2025-09-20,2,E형간염,12,617,,,,18-38
2025,38,2025-09-20,3,파상풍,0,17,1.0,0.0,,18-38
2025,38,2025-09-20,3,B형간염,4,185,7.0,0.57,,18-38
2025,38,2025-09-20,3,일본뇌염,0,0,1.0,0.0,,18-38
2025,38,2025-09-20,3,C형간염,64,4183,147.0,0.44,,18-38
2025,38,2025-09-20,3,말라리아,20,542,16.0,1.25,,18-38
2025,38,2025-09-20,3,레지오넬라증,4,387,10.0,0.4,,18-38
2025,38,2025-09-20,3,비브리오패혈증,0,30,4.0,0.0,,18-38
2025,38,2025-09-20,3,발진열,0,9,1.0,0.0,,18-38
2025,38,2025-09-20,3,쯔쯔가무시증,3,228,25.0,0.12,,18-38
2025,38,2025-09-20,3,렙토스피라증,2,32,2.0,1.0,,18-38
2025,38,2025-09-20,3,브루셀라증,0,5,0.0,,,18-38
2025,38,2025-09-20,3,신증후군출혈열,3,124,5.0,0.6,,18-38
2025,38,2025-09-20,3,후천성면역결핍증(AIDS),11,486,14.0,0.79,,18-38
2025,38,2025-09-20,3,크로이츠펠트-야콥병(CJD),0,44,1.0,0.0,,18-38
2025,38,2025-09-20,3,뎅기열,3,81,2.0,1.5,,18-38
2025,38,2025-09-20,3,큐열,1,51,1.0,1.0,,18-38
2025,38,2025-09-20,3,라임병,0,23,1.0,0.0,,18-38
2025,38,2025-09-20,3,유비저,0,4,0.0,,,18-38
2025,38,2025-09-20,3,치쿤구니야열,1,4,0.0,,,18-38
2025,38,2025-09-20,3,중증열성혈소판감소증후군(SFTS),1,179,7.0,0.14,,18-38
2025,38,2025-09-20,3,지카바이러스감염증,0,3,0.0,,,18-38
2025,38,2025-09-20,3,엠폭스(원숭이두창),2,16,,,,18-38
2025,38,2025-09-20,3,매독,26,1641,,,,18-38
2025,38,2025-09-20,3,매독(1기),6,547,,,,18-38
2025,38,2025-09-20,3,매독(2기),7,335,,,,18-38
2025,38,2025-09-20,3,매독(3기),1,42,,,,18-38
2025,38,2025-09-20,3,매독(선천성),0,10,,,,18-38
2025,38,2025-09-20,3,매독(잠복),12,707,,,,18-38
2025,47,2025-11-22,2,결핵,398,15765,378.0,1.05,,18-46
2025,47,2025-11-22,2,수두,279,26134,583.0,0.48,,18-46
2025,47,2025-11-22,2,홍역,0,77,0.0,,,18-46
2025,47,2025-11-22,2,콜레라,0,0,0.0,,,18-46
2025,47,2025-11-22,2,장티푸스,0,26,1.0,0.0,,18-46
2025,47,2025-11-22,2,파라티푸스,0,21,0.0,,,18-46
2025,47,2025-11-22,2,세균성이질,0,58,0.0,,,18-46
2025,47,2025-11-22,2,장출혈성대장균감염증,2,471,3.0,0.67,,18-46
2025,47,2025-11-22,2,A형간염,20,995,54.0,0.37,,18-46
2025,47,2025-11-22,2,백일해,33,5781,470.0,0.07,,18-46
2025,47,2025-11-22,2,유행성이하선염,70,6042,152.0,0.46,,18-46
2025,47,2025-11-22,2,풍진,0,0,0.0,,,18-46
2025,47,2025-11-22,2,수막구균 감염증,0,9,0.0,,,18-46
2025,47,2025-11-22,2,폐렴구균 감염증,10,379,7.0,1.43,,18-46
2025,47,2025-11-22,2,한센병,0,2,0.0,,,18-46
2025,47,2025-11-22,2,성홍열,143,11409,46.0,3.11,,18-46
2025,47,2025-11-22,2,반코마이신내성황색포도알균(VRSA) 감염증,0,2,0.0,,,18-46
2025,47,2025-11-22,2,카바페넴내성장내세균목(CRE) 감염증,776,44287,589.0,1.32,,18-46
2025,47,2025-11-22,2,E형간염,18,787,,,,18-46
2025,47,2025-11-22,3,파상풍,1,25,1.0,1.0,,18-46
2025,47,2025-11-22,3,B형간염,2,219,6.0,0.33,,18-46
2025,47,2025-11-22,3,일본뇌염,0,3,0.0,,,18-46
2025,47,2025-11-22,3,C형간염,90,5080,157.0,0.57,,18-46
2025,47,2025-11-22,3,말라리아,0,595,2.0,0.0,,18-46
2025,47,2025-11-22,3,레지오넬라증,6,510,7.0,0.86,,18-46
2025,47,2025-11-22,3,비브리오패혈증,0,63,0.0,,,18-46
2025,47,2025-11-22,3,발진열,0,10,1.0,0.0,,18-46
2025,47,2025-11-22,3,쯔쯔가무시증,443,2026,672.0,0.66,,18-46
2025,47,2025-11-22,3,렙토스피라증,2,48,5.0,0.4,,18-46
2025,47,2025-11-22,3,브루셀라증,0,5,0.0,,,18-46
2025,47,2025-11-22,3,신증후군출혈열,4,187,18.0,0.22,,18-46
2025,47,2025-11-22,3,후천성면역결핍증(AIDS),15,589,16.0,0.94,,18-46
2025,47,2025-11-22,3,크로이츠펠트-야콥병(CJD),0,58,1.0,0.0,,18-46
2025,47,2025-11-22,3,뎅기열,0,97,3.0,0.0,,18-46
2025,47,2025-11-22,3,큐열,0,58,1.0,0.0,,18-46
2025,47,2025-11-22,3,라임병,0,37,1.0,0.0,,18-46
2025,47,2025-11-22,3,유비저,0,4,0.0,,,18-46
2025,47,2025-11-22,3,치쿤구니야열,0,8,0.0,,,18-46
2025,47,2025-11-22,3,중증열성혈소판감소증후군(SFTS),1,262,1.0,1.0,,18-46
2025,47,2025-11-22,3,지카바이러스감염증,0,3,0.0,,,18-46
2025,47,2025-11-22,3,엠폭스(원숭이두창),1,26,,,,18-46
2025,47,2025-11-22,3,매독,30,1986,,,,18-46
2025,47,2025-11-22,3,매독(1기),8,650,,,,18-46
2025,47,2025-11-22,3,매독(2기),6,406,,,,18-46
2025,47,2025-11-22,3,매독(3기),0,52,,,,18-46
2025,47,2025-11-22,3,매독(선천성),2,12,,,,18-46
2025,47,2025-11-22,3,매독(잠복),14,866,,,,18-46
2025,51,2025-12-20,2,결핵,345,16972,375.0,0.92,,18-50
2025,51,2025-12-20,2,수두,589,29118,582.0,1.01,,18-50
2025,51,2025-12-20,2,홍역,0,78,0.0,,,18-50
2025,51,2025-12-20,2,콜레라,0,0,0.0,,,18-50
2025,51,2025-12-20,2,장티푸스,0,31,1.0,0.0,,18-50
2025,51,2025-12-20,2,파라티푸스,0,20,0.0,,,18-50
2025,51,2025-12-20,2,세균성이질,0,61,0.0,,,18-50
2025,51,2025-12-20,2,장출혈성대장균감염증,0,514,1.0,0.0,,18-50
2025,51,2025-12-20,2,A형간염,10,1071,48.0,0.21,,18-50
2025,51,2025-12-20,2,백일해,17,5868,318.0,0.05,,18-50
2025,51,2025-12-20,2,유행성이하선염,104,6619,121.0,0.86,,18-50
2025,51,2025-12-20,2,풍진,0,0,0.0,,,18-50
2025,51,2025-12-20,2,수막구균 감염증,0,10,0.0,,,18-50
2025,51,2025-12-20,2,폐렴구균 감염증,12,423,8.0,1.5,,18-50
2025,51,2025-12-20,2,한센병,0,3,0.0,,,18-50
2025,51,2025-12-20,2,성홍열,223,12469,50.0,4.46,,18-50
2025,51,2025-12-20,2,반코마이신내성황색포도알균(VRSA) 감염증,0,2,0.0,,,18-50
2025,51,2025-12-20,2,카바페넴내성장내세균목(CRE) 감염증,715,47613,552.0,1.3,,18-50
2025,51,2025-12-20,2,E형간염,2,869,,,,18-50
2025,51,2025-12-20,3,파상풍,0,26,0.0,,,18-50
2025,51,2025-12-20,3,B형간염,1,230,6.0,0.17,,18-50
2025,51,2025-12-20,3,일본뇌염,0,7,0.0,,,18-50
2025,51,2025-12-20,3,C형간염,32,5410,150.0,0.21,,18-50
2025,51,2025-12-20,3,말라리아,0,598,2.0,0.0,,18-50
2025,51,2025-12-20,3,레지오넬라증,2,561,7.0,0.29,,18-50
2025,51,2025-12-20,3,비브리오패혈증,0,64,0.0,,,18-50
2025,51,2025-12-20,3,발진열,0,11,0.0,,,18-50
2025,51,2025-12-20,3,쯔쯔가무시증,32,3245,129.0,0.25,,18-50
2025,51,2025-12-20,3,렙토스피라증,0,55,2.0,0.0,,18-50
2025,51,2025-12-20,3,브루셀라증,0,5,0.0,,,18-50
2025,51,2025-12-20,3,신증후군출혈열,2,232,8.0,0.25,,18-50
2025,51,2025-12-20,3,후천성면역결핍증(AIDS),5,640,17.0,0.29,,18-50
2025,51,2025-12-20,3,크로이츠펠트-야콥병(CJD),0,64,1.0,0.0,,18-50
2025,51,2025-12-20,3,뎅기열,0,106,2.0,0.0,,18-50
2025,51,2025-12-20,3,큐열,0,65,1.0,0.0,,18-50
2025,51,2025-12-20,3,라임병,0,43,0.0,,,18-50
2025,51,2025-12-20,3,유비저,1,5,0.0,,,18-50
2025,51,2025-12-20,3,치쿤구니야열,0,9,0.0,,,18-50
2025,51,2025-12-20,3,중증열성혈소판감소증후군(SFTS),0,273,0.0,,,18-50
2025,51,2025-12-20,3,지카바이러스감염증,0,3,0.0,,,18-50
2025,51,2025-12-20,3,엠폭스(원숭이두창),0,27,,,,18-50
2025,51,2025-12-20,3,매독,21,2124,,,,18-50
2025,51,2025-12-20,3,매독(1기),3,692,,,,18-50
2025,51,2025-12-20,3,매독(2기),4,428,,,,18-50
2025,51,2025-12-20,3,매독(3기),0,53,,,,18-50
2025,51,2025-12-20,3,매독(선천성),1,14,,,,18-50
2025,51,2025-12-20,3,매독(잠복),13,937,,,,18-50
2026,2,2026-01-10,2,결핵,473,810,435.0,1.09,,19-2
2026,2,2026-01-10,2,수두,577,1289,481.0,1.2,,19-2
2026,2,2026-01-10,2,홍역,0,0,0.0,,,19-2
2026,2,2026-01-10,2,콜레라,0,0,0.0,,,19-2
2026,2,2026-01-10,2,장티푸스,0,0,1.0,0.0,,19-2
2026,2,2026-01-10,2,파라티푸스,0,1,0.0,,,19-2
2026,2,2026-01-10,2,세균성이질,0,0,1.0,0.0,,19-2
2026,2,2026-01-10,2,장출혈성대장균감염증,0,0,1.0,0.0,,19-2
2026,2,2026-01-10,2,A형간염,15,35,45.0,0.33,,19-2
2026,2,2026-01-10,2,백일해,9,19,162.0,0.06,,19-2
2026,2,2026-01-10,2,유행성이하선염,73,167,119.0,0.61,,19-2
2026,2,2026-01-10,2,풍진,0,0,0.0,,,19-2
2026,2,2026-01-10,2,수막구균 감염증,0,0,0.0,,,19-2
2026,2,2026-01-10,2,폐렴구균 감염증,6,12,11.0,0.55,,19-2
2026,2,2026-01-10,2,한센병,0,0,0.0,,,19-2
2026,2,2026-01-10,2,성홍열,165,459,46.0,3.59,,19-2
2026,2,2026-01-10,2,반코마이신내성황색포도알균(VRSA) 감염증,0,0,0.0,,,19-2
2026,2,2026-01-10,2,카바페넴내성장내세균목(CRE) 감염증,1155,2004,659.0,1.75,,19-2
2026,2,2026-01-10,2,E형간염,10,22,10.0,1.0,,19-2
2026,2,2026-01-10,3,파상풍,0,0,1.0,0.0,,19-2
2026,2,2026-01-10,3,B형간염,2,4,6.0,0.33,,19-2
2026,2,2026-01-10,3,일본뇌염,0,0,0.0,,,19-2
2026,2,2026-01-10,3,C형간염,50,143,156.0,0.32,,19-2
2026,2,2026-01-10,3,말라리아,0,0,1.0,0.0,,19-2
2026,2,2026-01-10,3,레지오넬라증,11,25,7.0,1.57,,19-2
2026,2,2026-01-10,3,비브리오패혈증,0,0,0.0,,,19-2
2026,2,2026-01-10,3,발진열,0,0,0.0,,,19-2
2026,2,2026-01-10,3,쯔쯔가무시증,5,15,25.0,0.2,,19-2
2026,2,2026-01-10,3,렙토스피라증,1,1,1.0,1.0,,19-2
2026,2,2026-01-10,3,브루셀라증,0,0,0.0,,,19-2
2026,2,2026-01-10,3,신증후군출혈열,0,3,5.0,0.0,,19-2
2026,2,2026-01-10,3,후천성면역결핍증(AIDS),12,12,8.0,1.5,,19-2
2026,2,2026-01-10,3,크로이츠펠트-야콥병(CJD),0,1,1.0,0.0,,19-2
2026,2,2026-01-10,3,뎅기열,1,2,1.0,1.0,,19-2
2026,2,2026-01-10,3,큐열,0,0,0.0,,,19-2
2026,2,2026-01-10,3,라임병,0,1,0.0,,,19-2
2026,2,2026-01-10,3,유비저,0,0,0.0,,,19-2
2026,2,2026-01-10,3,치쿤구니야열,0,0,0.0,,,19-2
2026,2,2026-01-10,3,중증열성혈소판감소증후군(SFTS),0,0,0.0,,,19-2
2026,2,2026-01-10,3,지카바이러스감염증,0,0,0.0,,,19-2
2026,2,2026-01-10,3,엠폭스(원숭이두창),0,0,,,,19-2
2026,2,2026-01-10,3,매독,36,45,,,,19-2
2026,2,2026-01-10,3,매독(1기),16,21,,,,19-2
2026,2,2026-01-10,3,매독(2기),6,7,,,,19-2
2026,2,2026-01-10,3,매독(3기),0,0,,,,19-2
2026,2,2026-01-10,3,매독(선천성),0,0,,,,19-2
2026,2,2026-01-10,3,매독(잠복),14,17,,,,19-2
2026,6,2026-02-07,2,결핵,351,2393,353.0,0.99,,19-6
2026,6,2026-02-07,2,수두,351,3307,367.0,0.96,,19-6
2026,6,2026-02-07,2,홍역,0,0,0.0,,,19-6
2026,6,2026-02-07,2,콜레라,0,0,0.0,,,19-6
2026,6,2026-02-07,2,장티푸스,0,1,1.0,0.0,,19-6
2026,6,2026-02-07,2,파라티푸스,0,0,0.0,,,19-6
2026,6,2026-02-07,2,세균성이질,1,3,0.0,,,19-6
2026,6,2026-02-07,2,장출혈성대장균감염증,0,10,2.0,0.0,,19-6
2026,6,2026-02-07,2,A형간염,11,108,44.0,0.25,,19-6
2026,6,2026-02-07,2,백일해,10,77,57.0,0.18,,19-6
2026,6,2026-02-07,2,유행성이하선염,83,467,105.0,0.79,,19-6
2026,6,2026-02-07,2,풍진,0,0,0.0,,,19-6
2026,6,2026-02-07,2,수막구균 감염증,0,0,0.0,,,19-6
2026,6,2026-02-07,2,폐렴구균 감염증,10,41,9.0,1.11,,19-6
2026,6,2026-02-07,2,한센병,0,0,0.0,,,19-6
2026,6,2026-02-07,2,성홍열,155,1552,40.0,3.88,,19-6
2026,6,2026-02-07,2,반코마이신내성황색포도알균(VRSA) 감염증,0,0,0.0,,,19-6
2026,6,2026-02-07,2,카바페넴내성장내세균목(CRE) 감염증,898,6276,621.0,1.45,,19-6
2026,6,2026-02-07,2,E형간염,3,58,10.0,0.3,,19-6
2026,6,2026-02-07,3,파상풍,0,1,0.0,,,19-6
2026,6,2026-02-07,3,B형간염,1,16,6.0,0.17,,19-6
2026,6,2026-02-07,3,일본뇌염,0,0,0.0,,,19-6
2026,6,2026-02-07,3,C형간염,36,518,150.0,0.24,,19-6
2026,6,2026-02-07,3,말라리아,0,2,1.0,0.0,,19-6
2026,6,2026-02-07,3,레지오넬라증,8,85,7.0,1.14,,19-6
2026,6,2026-02-07,3,비브리오패혈증,0,0,0.0,,,19-6
2026,6,2026-02-07,3,발진열,0,0,0.0,,,19-6
2026,6,2026-02-07,3,쯔쯔가무시증,2,23,13.0,0.15,,19-6
2026,6,2026-02-07,3,렙토스피라증,0,2,1.0,0.0,,19-6
2026,6,2026-02-07,3,브루셀라증,0,0,0.0,,,19-6
2026,6,2026-02-07,3,신증후군출혈열,3,12,3.0,1.0,,19-6
2026,6,2026-02-07,3,후천성면역결핍증(AIDS),11,55,12.0,0.92,,19-6
2026,6,2026-02-07,3,크로이츠펠트-야콥병(CJD),1,3,2.0,0.5,,19-6
2026,6,2026-02-07,3,뎅기열,0,6,2.0,0.0,,19-6
2026,6,2026-02-07,3,큐열,0,2,1.0,0.0,,19-6
2026,6,2026-02-07,3,라임병,0,2,0.0,,,19-6
2026,6,2026-02-07,3,유비저,0,0,0.0,,,19-6
2026,6,2026-02-07,3,치쿤구니야열,0,0,0.0,,,19-6
2026,6,2026-02-07,3,중증열성혈소판감소증후군(SFTS),0,0,0.0,,,19-6
2026,6,2026-02-07,3,지카바이러스감염증,0,0,0.0,,,19-6
2026,6,2026-02-07,3,엠폭스(원숭이두창),0,1,,,,19-6
2026,6,2026-02-07,3,매독,25,189,,,,19-6
2026,6,2026-02-07,3,매독(1기),8,76,,,,19-6
2026,6,2026-02-07,3,매독(2기),5,31,,,,19-6
2026,6,2026-02-07,3,매독(3기),3,4,,,,19-6
2026,6,2026-02-07,3,매독(선천성),1,1,,,,19-6
2026,6,2026-02-07,3,매독(잠복),8,77,,,,19-6
2026,11,2026-03-14,2,결핵,375,4067,370.0,1.01,,19-10
2026,11,2026-03-14,2,수두,394,5262,368.0,1.07,,19-10
2026,11,2026-03-14,2,홍역,0,3,1.0,0.0,,19-10
2026,11,2026-03-14,2,콜레라,0,0,0.0,,,19-10
2026,11,2026-03-14,2,장티푸스,0,5,1.0,0.0,,19-10
2026,11,2026-03-14,2,파라티푸스,0,0,0.0,,,19-10
2026,11,2026-03-14,2,세균성이질,1,7,1.0,1.0,,19-10
2026,11,2026-03-14,2,장출혈성대장균감염증,2,43,1.0,2.0,,19-10
2026,11,2026-03-14,2,A형간염,23,277,45.0,0.51,,19-10
2026,11,2026-03-14,2,백일해,4,107,23.0,0.17,,19-10
2026,11,2026-03-14,2,유행성이하선염,70,832,125.0,0.56,,19-10
2026,11,2026-03-14,2,풍진,0,0,0.0,,,19-10
2026,11,2026-03-14,2,수막구균 감염증,0,2,0.0,,,19-10
2026,11,2026-03-14,2,폐렴구균 감염증,5,91,8.0,0.62,,19-10
2026,11,2026-03-14,2,한센병,0,0,0.0,,,19-10
2026,11,2026-03-14,2,성홍열,182,2581,45.0,4.04,,19-10
2026,11,2026-03-14,2,반코마이신내성황색포도알균(VRSA) 감염증,0,0,0.0,,,19-10
2026,11,2026-03-14,2,카바페넴내성장내세균목(CRE) 감염증,909,10853,584.0,1.56,,19-10
2026,11,2026-03-14,2,E형간염,7,121,11.0,0.64,,19-10
2026,11,2026-03-14,3,파상풍,0,1,0.0,,,19-10
2026,11,2026-03-14,3,B형간염,1,37,6.0,0.17,,19-10
2026,11,2026-03-14,3,일본뇌염,0,0,0.0,,,19-10
2026,11,2026-03-14,3,C형간염,37,965,153.0,0.24,,19-10
2026,11,2026-03-14,3,말라리아,0,7,1.0,0.0,,19-10
2026,11,2026-03-14,3,레지오넬라증,5,162,7.0,0.71,,19-10
2026,11,2026-03-14,3,비브리오패혈증,0,0,0.0,,,19-10
2026,11,2026-03-14,3,발진열,0,0,0.0,,,19-10
2026,11,2026-03-14,3,쯔쯔가무시증,1,26,9.0,0.11,,19-10
2026,11,2026-03-14,3,렙토스피라증,0,3,1.0,0.0,,19-10
2026,11,2026-03-14,3,브루셀라증,0,0,0.0,,,19-10
2026,11,2026-03-14,3,신증후군출혈열,0,19,3.0,0.0,,19-10
2026,11,2026-03-14,3,후천성면역결핍증(AIDS),16,133,12.0,1.33,,19-10
2026,11,2026-03-14,3,크로이츠펠트-야콥병(CJD),0,6,1.0,0.0,,19-10
2026,11,2026-03-14,3,뎅기열,1,13,2.0,0.5,,19-10
2026,11,2026-03-14,3,큐열,0,7,1.0,0.0,,19-10
2026,11,2026-03-14,3,라임병,0,3,0.0,,,19-10
2026,11,2026-03-14,3,유비저,0,0,0.0,,,19-10
2026,11,2026-03-14,3,치쿤구니야열,0,1,0.0,,,19-10
2026,11,2026-03-14,3,중증열성혈소판감소증후군(SFTS),0,0,0.0,,,19-10
2026,11,2026-03-14,3,지카바이러스감염증,0,0,0.0,,,19-10
2026,11,2026-03-14,3,엠폭스(원숭이두창),2,3,,,,19-10
2026,11,2026-03-14,3,매독,39,377,,,,19-10
2026,11,2026-03-14,3,매독(1기),13,145,,,,19-10
2026,11,2026-03-14,3,매독(2기),9,63,,,,19-10
2026,11,2026-03-14,3,매독(3기),0,7,,,,19-10
2026,11,2026-03-14,3,매독(선천성),1,3,,,,19-10
2026,11,2026-03-14,3,매독(잠복),16,159,,,,19-10
2026,15,2026-04-11,2,결핵,387,5487,367.0,1.05,,19-14
2026,15,2026-04-11,2,수두,516,7555,510.0,1.01,,19-14
2026,15,2026-04-11,2,홍역,0,5,2.0,0.0,,19-14
2026,15,2026-04-11,2,콜레라,0,0,0.0,,,19-14
2026,15,2026-04-11,2,장티푸스,0,5,0.0,,,19-14
2026,15,2026-04-11,2,파라티푸스,0,1,0.0,,,19-14
2026,15,2026-04-11,2,세균성이질,0,11,1.0,0.0,,19-14
2026,15,2026-04-11,2,장출혈성대장균감염증,0,57,2.0,0.0,,19-14
2026,15,2026-04-11,2,A형간염,18,430,53.0,0.34,,19-14
2026,15,2026-04-11,2,백일해,2,124,23.0,0.09,,19-14
2026,15,2026-04-11,2,유행성이하선염,86,1197,166.0,0.52,,19-14
2026,15,2026-04-11,2,풍진,0,0,0.0,,,19-14
2026,15,2026-04-11,2,수막구균 감염증,0,3,0.0,,,19-14
2026,15,2026-04-11,2,폐렴구균 감염증,11,137,10.0,1.1,,19-14
2026,15,2026-04-11,2,한센병,0,0,0.0,,,19-14
2026,15,2026-04-11,2,성홍열,165,3604,65.0,2.54,,19-14
2026,15,2026-04-11,2,반코마이신내성황색포도알균(VRSA) 감염증,0,0,0.0,,,19-14
2026,15,2026-04-11,2,카바페넴내성장내세균목(CRE) 감염증,881,14675,616.0,1.43,,19-14
2026,15,2026-04-11,2,E형간염,9,185,12.0,0.75,,19-14
2026,15,2026-04-11,3,파상풍,1,3,0.0,,,19-14
2026,15,2026-04-11,3,B형간염,3,63,6.0,0.5,,19-14
2026,15,2026-04-11,3,일본뇌염,0,0,0.0,,,19-14
2026,15,2026-04-11,3,C형간염,71,1383,160.0,0.44,,19-14
2026,15,2026-04-11,3,말라리아,1,14,5.0,0.2,,19-14
2026,15,2026-04-11,3,레지오넬라증,9,215,6.0,1.5,,19-14
2026,15,2026-04-11,3,비브리오패혈증,0,0,0.0,,,19-14
2026,15,2026-04-11,3,발진열,0,0,0.0,,,19-14
2026,15,2026-04-11,3,쯔쯔가무시증,1,33,15.0,0.07,,19-14
2026,15,2026-04-11,3,렙토스피라증,0,3,1.0,0.0,,19-14
2026,15,2026-04-11,3,브루셀라증,0,0,0.0,,,19-14
2026,15,2026-04-11,3,신증후군출혈열,2,24,3.0,0.67,,19-14
2026,15,2026-04-11,3,후천성면역결핍증(AIDS),16,195,14.0,1.14,,19-14
2026,15,2026-04-11,3,크로이츠펠트-야콥병(CJD),0,8,1.0,0.0,,19-14
2026,15,2026-04-11,3,뎅기열,1,17,1.0,1.0,,19-14
2026,15,2026-04-11,3,큐열,1,10,1.0,1.0,,19-14
2026,15,2026-04-11,3,라임병,0,8,0.0,,,19-14
2026,15,2026-04-11,3,유비저,0,1,0.0,,,19-14
2026,15,2026-04-11,3,치쿤구니야열,0,1,0.0,,,19-14
2026,15,2026-04-11,3,중증열성혈소판감소증후군(SFTS),0,0,1.0,0.0,,19-14
2026,15,2026-04-11,3,지카바이러스감염증,0,0,0.0,,,19-14
2026,15,2026-04-11,3,엠폭스(원숭이두창),0,4,,,,19-14
2026,15,2026-04-11,3,매독,31,551,,,,19-14
2026,15,2026-04-11,3,매독(1기),10,197,,,,19-14
2026,15,2026-04-11,3,매독(2기),7,94,,,,19-14
2026,15,2026-04-11,3,매독(3기),0,13,,,,19-14
2026,15,2026-04-11,3,매독(선천성),0,3,,,,19-14
2026,15,2026-04-11,3,매독(잠복),14,244,,,,19-14
2026,19,2026-05-09,2,결핵,330,6761,335.0,0.99,,19-18
2026,19,2026-05-09,2,수두,871,11548,663.0,1.31,,19-18
2026,19,2026-05-09,2,홍역,0,6,1.0,0.0,,19-18
2026,19,2026-05-09,2,콜레라,0,0,0.0,,,19-18
2026,19,2026-05-09,2,장티푸스,0,6,1.0,0.0,,19-18
2026,19,2026-05-09,2,파라티푸스,0,2,1.0,0.0,,19-18
2026,19,2026-05-09,2,세균성이질,0,12,1.0,0.0,,19-18
2026,19,2026-05-09,2,장출혈성대장균감염증,0,72,4.0,0.0,,19-18
2026,19,2026-05-09,2,A형간염,22,570,59.0,0.37,,19-18
2026,19,2026-05-09,2,백일해,4,144,40.0,0.1,,19-18
2026,19,2026-05-09,2,유행성이하선염,112,1673,186.0,0.6,,19-18
2026,19,2026-05-09,2,풍진,0,0,0.0,,,19-18
2026,19,2026-05-09,2,수막구균 감염증,0,5,0.0,,,19-18
2026,19,2026-05-09,2,폐렴구균 감염증,13,188,8.0,1.62,,19-18
2026,19,2026-05-09,2,한센병,0,0,0.0,,,19-18
2026,19,2026-05-09,2,성홍열,189,4736,96.0,1.97,,19-18
2026,19,2026-05-09,2,반코마이신내성황색포도알균(VRSA) 감염증,0,1,0.0,,,19-18
2026,19,2026-05-09,2,카바페넴내성장내세균목(CRE) 감염증,710,18211,636.0,1.12,,19-18
2026,19,2026-05-09,2,E형간염,13,239,11.0,1.18,,19-18
2026,19,2026-05-09,3,파상풍,0,4,0.0,,,19-18
2026,19,2026-05-09,3,B형간염,3,84,7.0,0.43,,19-18
2026,19,2026-05-09,3,일본뇌염,0,0,0.0,,,19-18
2026,19,2026-05-09,3,C형간염,58,1864,153.0,0.38,,19-18
2026,19,2026-05-09,3,말라리아,5,30,10.0,0.5,,19-18
2026,19,2026-05-09,3,레지오넬라증,8,267,7.0,1.14,,19-18
2026,19,2026-05-09,3,비브리오패혈증,0,1,0.0,,,19-18
2026,19,2026-05-09,3,발진열,0,2,0.0,,,19-18
2026,19,2026-05-09,3,쯔쯔가무시증,3,47,21.0,0.14,,19-18
2026,19,2026-05-09,3,렙토스피라증,0,5,1.0,0.0,,19-18
2026,19,2026-05-09,3,브루셀라증,0,0,0.0,,,19-18
2026,19,2026-05-09,3,신증후군출혈열,0,31,5.0,0.0,,19-18
2026,19,2026-05-09,3,후천성면역결핍증(AIDS),10,244,12.0,0.83,,19-18
2026,19,2026-05-09,3,크로이츠펠트-야콥병(CJD),0,11,1.0,0.0,,19-18
2026,19,2026-05-09,3,뎅기열,0,16,1.0,0.0,,19-18
2026,19,2026-05-09,3,큐열,0,13,2.0,0.0,,19-18
2026,19,2026-05-09,3,라임병,0,8,1.0,0.0,,19-18
2026,19,2026-05-09,3,유비저,0,1,0.0,,,19-18
2026,19,2026-05-09,3,치쿤구니야열,0,1,0.0,,,19-18
2026,19,2026-05-09,3,중증열성혈소판감소증후군(SFTS),1,5,3.0,0.33,,19-18
2026,19,2026-05-09,3,지카바이러스감염증,0,1,0.0,,,19-18
2026,19,2026-05-09,3,엠폭스(원숭이두창),0,5,,,,19-18
2026,19,2026-05-09,3,매독,19,682,,,,19-18
2026,19,2026-05-09,3,매독(1기),4,243,,,,19-18
2026,19,2026-05-09,3,매독(2기),1,114,,,,19-18
2026,19,2026-05-09,3,매독(3기),1,16,,,,19-18
2026,19,2026-05-09,3,매독(선천성),0,3,,,,19-18
2026,19,2026-05-09,3,매독(잠복),13,306,,,,19-18
2026,23,2026-06-06,2,결핵,340,8072,315.0,1.08,,19-22
2026,23,2026-06-06,2,수두,823,15913,661.0,1.25,,19-22
2026,23,2026-06-06,2,홍역,0,7,0.0,,,19-22
2026,23,2026-06-06,2,콜레라,0,0,0.0,,,19-22
2026,23,2026-06-06,2,장티푸스,0,9,1.0,0.0,,19-22
2026,23,2026-06-06,2,파라티푸스,0,5,0.0,,,19-22
2026,23,2026-06-06,2,세균성이질,0,17,1.0,0.0,,19-22
2026,23,2026-06-06,2,장출혈성대장균감염증,2,111,9.0,0.22,,19-22
2026,23,2026-06-06,2,A형간염,14,734,57.0,0.25,,19-22
2026,23,2026-06-06,2,백일해,5,164,140.0,0.04,,19-22
2026,23,2026-06-06,2,유행성이하선염,132,2223,184.0,0.72,,19-22
2026,23,2026-06-06,2,풍진,0,0,0.0,,,19-22
2026,23,2026-06-06,2,수막구균 감염증,0,5,0.0,,,19-22
2026,23,2026-06-06,2,폐렴구균 감염증,3,221,7.0,0.43,,19-22
2026,23,2026-06-06,2,한센병,0,0,0.0,,,19-22
2026,23,2026-06-06,2,성홍열,199,6052,139.0,1.43,,19-22
2026,23,2026-06-06,2,반코마이신내성황색포도알균(VRSA) 감염증,0,2,0.0,,,19-22
2026,23,2026-06-06,2,카바페넴내성장내세균목(CRE) 감염증,853,22450,678.0,1.26,,19-22
2026,23,2026-06-06,2,E형간염,9,313,11.0,0.82,,19-22
2026,23,2026-06-06,3,파상풍,0,6,0.0,,,19-22
2026,23,2026-06-06,3,B형간염,1,99,6.0,0.17,,19-22
2026,23,2026-06-06,3,일본뇌염,0,0,0.0,,,19-22
2026,23,2026-06-06,3,C형간염,76,2279,155.0,0.49,,19-22
2026,23,2026-06-06,3,말라리아,13,89,21.0,0.62,,19-22
2026,23,2026-06-06,3,레지오넬라증,4,317,9.0,0.44,,19-22
2026,23,2026-06-06,3,비브리오패혈증,1,2,0.0,,,19-22
2026,23,2026-06-06,3,발진열,0,2,0.0,,,19-22
2026,23,2026-06-06,3,쯔쯔가무시증,3,65,26.0,0.12,,19-22
2026,23,2026-06-06,3,렙토스피라증,0,7,1.0,0.0,,19-22
2026,23,2026-06-06,3,브루셀라증,0,0,0.0,,,19-22
2026,23,2026-06-06,3,신증후군출혈열,0,40,6.0,0.0,,19-22
2026,23,2026-06-06,3,후천성면역결핍증(AIDS),15,293,11.0,1.36,,19-22
2026,23,2026-06-06,3,크로이츠펠트-야콥병(CJD),1,13,1.0,1.0,,19-22
2026,23,2026-06-06,3,뎅기열,0,18,2.0,0.0,,19-22
2026,23,2026-06-06,3,큐열,1,25,1.0,1.0,,19-22
2026,23,2026-06-06,3,라임병,0,12,1.0,0.0,,19-22
2026,23,2026-06-06,3,유비저,0,1,0.0,,,19-22
2026,23,2026-06-06,3,치쿤구니야열,0,2,0.0,,,19-22
2026,23,2026-06-06,3,중증열성혈소판감소증후군(SFTS),2,21,6.0,0.33,,19-22
2026,23,2026-06-06,3,지카바이러스감염증,0,1,0.0,,,19-22
2026,23,2026-06-06,3,엠폭스(원숭이두창),0,5,,,,19-22
2026,23,2026-06-06,3,매독,34,877,,,,19-22
2026,23,2026-06-06,3,매독(1기),17,299,,,,19-22
2026,23,2026-06-06,3,매독(2기),7,156,,,,19-22
2026,23,2026-06-06,3,매독(3기),0,23,,,,19-22
2026,23,2026-06-06,3,매독(선천성),0,4,,,,19-22
2026,23,2026-06-06,3,매독(잠복),10,395,,,,19-22
2026,27,2026-07-04,2,결핵,398,9348,388.0,1.03,,19-26
2026,27,2026-07-04,2,수두,533,18954,554.0,0.96,,19-26
2026,27,2026-07-04,2,홍역,0,8,0.0,,,19-26
2026,27,2026-07-04,2,콜레라,0,0,0.0,,,19-26
2026,27,2026-07-04,2,장티푸스,0,7,1.0,0.0,,19-26
2026,27,2026-07-04,2,파라티푸스,0,5,0.0,,,19-26
2026,27,2026-07-04,2,세균성이질,0,20,1.0,0.0,,19-26
2026,27,2026-07-04,2,장출혈성대장균감염증,4,199,15.0,0.27,,19-26
2026,27,2026-07-04,2,A형간염,30,934,51.0,0.59,,19-26
2026,27,2026-07-04,2,백일해,10,194,461.0,0.02,,19-26
2026,27,2026-07-04,2,유행성이하선염,124,2819,170.0,0.73,,19-26
2026,27,2026-07-04,2,풍진,0,0,0.0,,,19-26
2026,27,2026-07-04,2,수막구균 감염증,0,5,0.0,,,19-26
2026,27,2026-07-04,2,폐렴구균 감염증,2,250,5.0,0.4,,19-26
2026,27,2026-07-04,2,한센병,0,0,0.0,,,19-26
2026,27,2026-07-04,2,성홍열,228,7177,158.0,1.44,,19-26
2026,27,2026-07-04,2,반코마이신내성황색포도알균(VRSA) 감염증,0,2,0.0,,,19-26
2026,27,2026-07-04,2,카바페넴내성장내세균목(CRE) 감염증,1127,27331,773.0,1.46,,19-26
2026,27,2026-07-04,2,E형간염,14,392,14.0,1.0,,19-26
2026,27,2026-07-04,3,파상풍,0,11,1.0,0.0,,19-26
2026,27,2026-07-04,3,B형간염,4,121,6.0,0.67,,19-26
2026,27,2026-07-04,3,일본뇌염,0,0,0.0,,,19-26
2026,27,2026-07-04,3,C형간염,76,2674,159.0,0.48,,19-26
2026,27,2026-07-04,3,말라리아,10,155,30.0,0.33,,19-26
2026,27,2026-07-04,3,레지오넬라증,8,372,11.0,0.73,,19-26
2026,27,2026-07-04,3,비브리오패혈증,1,4,1.0,1.0,,19-26
2026,27,2026-07-04,3,발진열,0,2,0.0,,,19-26
2026,27,2026-07-04,3,쯔쯔가무시증,4,91,26.0,0.15,,19-26
2026,27,2026-07-04,3,렙토스피라증,1,10,2.0,0.5,,19-26
2026,27,2026-07-04,3,브루셀라증,0,1,0.0,,,19-26
2026,27,2026-07-04,3,신증후군출혈열,2,53,6.0,0.33,,19-26
2026,27,2026-07-04,3,후천성면역결핍증(AIDS),16,365,14.0,1.14,,19-26
2026,27,2026-07-04,3,크로이츠펠트-야콥병(CJD),0,19,2.0,0.0,,19-26
2026,27,2026-07-04,3,뎅기열,1,26,3.0,0.33,,19-26
2026,27,2026-07-04,3,큐열,0,48,2.0,0.0,,19-26
2026,27,2026-07-04,3,라임병,0,17,1.0,0.0,,19-26
2026,27,2026-07-04,3,유비저,0,1,0.0,,,19-26
2026,27,2026-07-04,3,치쿤구니야열,0,2,0.0,,,19-26
2026,27,2026-07-04,3,중증열성혈소판감소증후군(SFTS),3,50,9.0,0.33,,19-26
2026,27,2026-07-04,3,지카바이러스감염증,0,1,0.0,,,19-26
2026,27,2026-07-04,3,엠폭스(원숭이두창),1,7,,,,19-26
2026,27,2026-07-04,3,매독,41,1065,,,,19-26
2026,27,2026-07-04,3,매독(1기),16,370,,,,19-26
2026,27,2026-07-04,3,매독(2기),8,191,,,,19-26
2026,27,2026-07-04,3,매독(3기),2,28,,,,19-26
2026,27,2026-07-04,3,매독(선천성),0,4,,,,19-26
2026,27,2026-07-04,3,매독(잠복),15,472,,,,19-26
2026,31,2026-08-01,2,결핵,364,10627,365.0,1.0,,19-30
2026,31,2026-08-01,2,수두,399,21245,480.0,0.83,,19-30
2026,31,2026-08-01,2,홍역,0,10,0.0,,,19-30
2026,31,2026-08-01,2,콜레라,0,0,0.0,,,19-30
2026,31,2026-08-01,2,장티푸스,0,10,1.0,0.0,,19-30
2026,31,2026-08-01,2,파라티푸스,1,7,1.0,1.0,,19-30
2026,31,2026-08-01,2,세균성이질,1,24,1.0,1.0,,19-30
2026,31,2026-08-01,2,장출혈성대장균감염증,9,352,11.0,0.82,,19-30
2026,31,2026-08-01,2,A형간염,16,1062,47.0,0.34,,19-30
2026,31,2026-08-01,2,백일해,1,236,327.0,0.0,,19-30
2026,31,2026-08-01,2,유행성이하선염,92,3329,131.0,0.7,,19-30
2026,31,2026-08-01,2,풍진,0,0,0.0,,,19-30
2026,31,2026-08-01,2,수막구균 감염증,0,6,0.0,,,19-30
2026,31,2026-08-01,2,폐렴구균 감염증,4,271,6.0,0.67,,19-30
2026,31,2026-08-01,2,한센병,0,1,0.0,,,19-30
2026,31,2026-08-01,2,성홍열,97,7906,102.0,0.95,,19-30
2026,31,2026-08-01,2,반코마이신내성황색포도알균(VRSA) 감염증,0,2,0.0,,,19-30
2026,31,2026-08-01,2,카바페넴내성장내세균목(CRE) 감염증,1148,32217,831.0,1.38,,19-30
2026,31,2026-08-01,2,E형간염,7,475,14.0,0.5,,19-30
2026,31,2026-08-01,3,파상풍,0,12,1.0,0.0,,19-30
2026,31,2026-08-01,3,B형간염,4,142,7.0,0.57,,19-30
2026,31,2026-08-01,3,일본뇌염,0,0,0.0,,,19-30
2026,31,2026-08-01,3,C형간염,85,3082,144.0,0.59,,19-30
2026,31,2026-08-01,3,말라리아,10,233,26.0,0.38,,19-30
2026,31,2026-08-01,3,레지오넬라증,14,453,13.0,1.08,,19-30
2026,31,2026-08-01,3,비브리오패혈증,0,6,2.0,0.0,,19-30
2026,31,2026-08-01,3,발진열,0,3,1.0,0.0,,19-30
2026,31,2026-08-01,3,쯔쯔가무시증,2,112,24.0,0.08,,19-30
2026,31,2026-08-01,3,렙토스피라증,0,12,2.0,0.0,,19-30
2026,31,2026-08-01,3,브루셀라증,0,1,0.0,,,19-30
2026,31,2026-08-01,3,신증후군출혈열,3,68,5.0,0.6,,19-30
2026,31,2026-08-01,3,후천성면역결핍증(AIDS),12,425,14.0,0.86,,19-30
2026,31,2026-08-01,3,크로이츠펠트-야콥병(CJD),0,24,1.0,0.0,,19-30
2026,31,2026-08-01,3,뎅기열,1,32,3.0,0.33,,19-30
2026,31,2026-08-01,3,큐열,2,63,2.0,1.0,,19-30
2026,31,2026-08-01,3,라임병,1,18,1.0,1.0,,19-30
2026,31,2026-08-01,3,유비저,0,1,0.0,,,19-30
2026,31,2026-08-01,3,치쿤구니야열,0,5,0.0,,,19-30
2026,31,2026-08-01,3,중증열성혈소판감소증후군(SFTS),3,77,7.0,0.43,,19-30
2026,31,2026-08-01,3,지카바이러스감염증,0,2,0.0,,,19-30
2026,31,2026-08-01,3,엠폭스(원숭이두창),1,9,,,,19-30
2026,31,2026-08-01,3,매독,31,1224,,,,19-30
2026,31,2026-08-01,3,매독(1기),8,419,,,,19-30
2026,31,2026-08-01,3,매독(2기),5,228,,,,19-30
2026,31,2026-08-01,3,매독(3기),3,35,,,,19-30
2026,31,2026-08-01,3,매독(선천성),2,8,,,,19-30
2026,31,2026-08-01,3,매독(잠복),13,534,,,,19-30
2026,35,2026-08-29,2,결핵,405,11898,379.0,1.07,,19-34
2026,35,2026-08-29,2,수두,332,22862,357.0,0.93,,19-34
2026,35,2026-08-29,2,홍역,0,10,0.0,,,19-34
2026,35,2026-08-29,2,콜레라,0,0,0.0,,,19-34
2026,35,2026-08-29,2,장티푸스,0,14,1.0,0.0,,19-34
2026,35,2026-08-29,2,파라티푸스,0,6,1.0,0.0,,19-34
2026,35,2026-08-29,2,세균성이질,0,28,1.0,0.0,,19-34
2026,35,2026-08-29,2,장출혈성대장균감염증,1,429,8.0,0.12,,19-34
2026,35,2026-08-29,2,A형간염,25,1181,45.0,0.56,,19-34
2026,35,2026-08-29,2,백일해,11,282,181.0,0.06,,19-34
2026,35,2026-08-29,2,유행성이하선염,87,3730,131.0,0.66,,19-34
2026,35,2026-08-29,2,풍진,0,0,0.0,,,19-34
2026,35,2026-08-29,2,수막구균 감염증,0,6,0.0,,,19-34
2026,35,2026-08-29,2,폐렴구균 감염증,6,298,5.0,1.2,,19-34
2026,35,2026-08-29,2,한센병,1,3,0.0,,,19-34
2026,35,2026-08-29,2,성홍열,93,8409,73.0,1.27,,19-34
2026,35,2026-08-29,2,반코마이신내성황색포도알균(VRSA) 감염증,0,2,0.0,,,19-34
2026,35,2026-08-29,2,카바페넴내성장내세균목(CRE) 감염증,1214,37259,853.0,1.42,,19-34
2026,35,2026-08-29,2,E형간염,8,505,14.0,0.57,,19-34
2026,35,2026-08-29,3,파상풍,0,13,1.0,0.0,,19-34
2026,35,2026-08-29,3,B형간염,3,151,6.0,0.5,,19-34
2026,35,2026-08-29,3,일본뇌염,0,0,1.0,0.0,,19-34
2026,35,2026-08-29,3,C형간염,84,3476,137.0,0.61,,19-34
2026,35,2026-08-29,3,말라리아,4,285,18.0,0.22,,19-34
2026,35,2026-08-29,3,레지오넬라증,6,520,11.0,0.55,,19-34
2026,35,2026-08-29,3,비브리오패혈증,3,16,4.0,0.75,,19-34
2026,35,2026-08-29,3,발진열,0,3,0.0,,,19-34
2026,35,2026-08-29,3,쯔쯔가무시증,1,129,23.0,0.04,,19-34
2026,35,2026-08-29,3,렙토스피라증,0,16,2.0,0.0,,19-34
2026,35,2026-08-29,3,브루셀라증,0,2,0.0,,,19-34
2026,35,2026-08-29,3,신증후군출혈열,1,82,5.0,0.2,,19-34
2026,35,2026-08-29,3,후천성면역결핍증(AIDS),11,479,16.0,0.69,,19-34
2026,35,2026-08-29,3,크로이츠펠트-야콥병(CJD),0,38,1.0,0.0,,19-34
2026,35,2026-08-29,3,뎅기열,1,48,4.0,0.25,,19-34
2026,35,2026-08-29,3,큐열,0,71,2.0,0.0,,19-34
2026,35,2026-08-29,3,라임병,0,22,1.0,0.0,,19-34
2026,35,2026-08-29,3,유비저,0,1,0.0,,,19-34
2026,35,2026-08-29,3,치쿤구니야열,0,6,0.0,,,19-34
2026,35,2026-08-29,3,중증열성혈소판감소증후군(SFTS),3,96,6.0,0.5,,19-34
2026,35,2026-08-29,3,지카바이러스감염증,0,3,0.0,,,19-34
2026,35,2026-08-29,3,엠폭스(원숭이두창),0,9,,,,19-34
2026,35,2026-08-29,3,매독,33,1379,,,,19-34
2026,35,2026-08-29,3,매독(1기),8,462,,,,19-34
2026,35,2026-08-29,3,매독(2기),13,268,,,,19-34
2026,35,2026-08-29,3,매독(3기),2,42,,,,19-34
2026,35,2026-08-29,3,매독(선천성),0,8,,,,19-34
2026,35,2026-08-29,3,매독(잠복),10,599,,,,19-34
