급,감염병명,2016,2017,2018,2019,2020,2021,2022,2023,2024,2025,비고
제1급,에볼라바이러스병,-,-,-,-,0,0,0,0,0,0,
제1급,마버그열,-,-,-,-,0,0,0,0,0,0,
제1급,라싸열,-,-,-,-,0,0,0,0,0,0,
제1급,크리미안콩고출혈열,-,-,-,-,0,0,0,0,0,0,
제1급,남아메리카출혈열,-,-,-,-,0,0,0,0,0,0,
제1급,리프트밸리열,-,-,-,-,0,0,0,0,0,0,
제1급,두창,0,0,0,0,0,0,0,0,0,0,
제1급,페스트,0,0,0,0,0,0,0,0,0,0,
제1급,탄저,0,0,0,0,0,0,0,0,0,0,
제1급,보툴리눔독소증,0,0,0,1,1,0,0,1,0,0,
제1급,야토병,0,0,0,0,0,0,0,0,0,0,
제1급,신종감염병증후군,0,0,0,0,60722,569943,0,0,0,0,2020-2021 코로나19가 이 항목으로 신고됨(고시 2022.4.5 개정으로 제2급 코로나19로 이관)
제1급,중증급성호흡기증후군(SARS),0,0,0,0,0,0,0,0,0,0,
제1급,중동호흡기증후군(MERS),0,0,1,0,0,0,0,0,0,0,
제1급,동물인플루엔자 인체감염증,0,0,0,0,0,0,0,0,0,0,
제1급,신종인플루엔자,0,0,0,0,0,0,0,0,0,0,
제1급,디프테리아,0,0,0,0,0,0,0,0,0,0,
제1급,니파바이러스감염증,-,-,-,-,-,-,-,-,-,0,2025.9.8 고시 신규 지정. 2025 통계는 9.8 이후분
제2급,결핵,39245,36044,33796,30304,25350,22904,20383,19540,17944,17070,
제2급,수두,54060,80092,96467,82868,31430,20929,18547,26964,31892,30248,
제2급,홍역,18,7,15,194,6,0,0,8,49,78,
제2급,콜레라,4,5,2,1,0,0,0,0,0,0,
제2급,장티푸스,121,128,213,94,39,61,38,19,34,33,
제2급,파라티푸스,56,73,47,55,58,29,31,22,23,24,
제2급,세균성이질,113,112,191,151,29,18,31,37,41,64,
제2급,장출혈성대장균감염증,104,138,121,146,270,165,211,216,274,531,
제2급,A형간염,4679,4419,2437,17598,3989,6583,1890,1324,1168,1141,
제2급,백일해,129,318,980,496,123,21,31,292,48048,5491,
제2급,유행성이하선염,17057,16924,19237,15967,9922,9708,6358,7737,6425,6720,
제2급,풍진,11,7,0,8,2,0,0,0,0,0,
제2급,폴리오,0,0,0,0,0,0,0,0,0,0,
제2급,수막구균 감염증,6,17,14,16,5,2,3,11,17,12,
제2급,b형헤모필루스인플루엔자,0,3,2,0,1,1,1,1,1,1,
제2급,폐렴구균 감염증,441,523,670,526,345,269,339,431,451,440,
제2급,한센병,4,3,6,4,3,5,2,3,5,3,
제2급,성홍열,11911,22838,15777,7562,2300,678,505,815,6642,13113,
제2급,반코마이신내성황색포도알균(VRSA) 감염증,-,0,0,3,9,3,1,2,1,2,진단기준 고시 2019.4.30 개정으로 VISA 포함. 전건이 VISA 신고분
제2급,카바페넴내성장내세균목(CRE) 감염증,-,5716,11954,15369,18121,23310,30543,38405,42346,49053,
제2급,E형간염,-,-,-,-,191,494,528,572,756,915,
제2급,코로나바이러스감염증-19,-,-,-,-,-,-,28424349,5517540,-,-,2023 통계는 8.30까지(8.31 제4급 전환). 2024~ 표본감시라 전수표에 없음
제2급,엠폭스,-,-,-,-,-,-,4,151,-,-,고시 2024.1.1 개정으로 제2급→제3급. 2022-2023은 제2급 행에 기재
제3급,파상풍,24,34,31,31,30,21,23,24,29,24,
제3급,B형간염(급성),359,391,392,389,382,453,332,315,250,226,진단기준 고시 2016.1.7 개정으로 2016년부터 급성B형간염만 집계
제3급,일본뇌염,28,9,17,34,7,23,11,17,21,7,
제3급,C형간염,-,6396,10811,9810,11850,10116,8308,7249,6444,5639,
제3급,말라리아,673,515,576,559,385,294,420,747,713,601,
제3급,레지오넬라증,128,198,305,501,368,383,415,476,452,640,
제3급,비브리오패혈증,56,46,47,42,70,52,46,69,49,68,
제3급,발진티푸스,0,0,0,0,0,0,0,0,0,0,
제3급,발진열,18,18,16,14,1,9,4,21,60,16,
제3급,쯔쯔가무시증,11105,10528,6668,4005,4479,5915,6235,5663,6268,3405,2025 신고기준에 가피 형성 여부 포함 → 신고 감소 요인(연보 명시)
제3급,렙토스피라증,117,103,118,138,114,144,125,59,70,53,
제3급,브루셀라증,4,6,5,1,8,4,5,5,5,4,
제3급,공수병,0,0,0,0,0,0,0,0,0,0,
제3급,신증후군출혈열,575,531,433,399,270,310,302,452,373,230,
제3급,후천성면역결핍증(AIDS),1059,1007,988,1006,818,770,825,750,715,659,
제3급,크로이츠펠트-야콥병(CJD) 및 변종크로이츠펠트-야콥병(vCJD),43,38,54,53,64,68,61,67,67,99,
제3급,황열,0,0,0,0,0,0,0,0,0,0,
제3급,뎅기열,313,171,159,273,43,3,103,206,196,110,
제3급,큐열,81,96,163,162,69,46,56,57,57,72,
제3급,웨스트나일열,0,0,0,0,0,0,0,0,0,0,
제3급,라임병,27,31,23,23,18,8,22,45,34,41,
제3급,진드기매개뇌염,0,0,0,0,0,0,0,0,0,0,
제3급,유비저,4,2,2,8,1,2,2,2,2,5,
제3급,치쿤구니야열,10,5,3,16,1,0,8,13,9,9,
제3급,중증열성혈소판감소증후군(SFTS),165,272,259,223,243,172,193,198,170,280,
제3급,지카바이러스감염증,16,11,3,3,1,0,3,2,0,3,
제3급,매독(1기),1067,1454,1571,1176,-,-,-,-,983,721,2020-2023 표본감시(전수표 제외). 2024 전수 재전환 시 3기·잠복 신규 추가
제3급,매독(2기),481,684,680,554,-,-,-,-,524,449,2020-2023 표본감시(전수표 제외). 2024 전수 재전환 시 3기·잠복 신규 추가
제3급,매독(3기),-,-,-,-,-,-,-,-,51,50,2020-2023 표본감시(전수표 제외). 2024 전수 재전환 시 3기·잠복 신규 추가
제3급,매독(선천성),21,10,29,23,-,-,-,-,12,12,2020-2023 표본감시(전수표 제외). 2024 전수 재전환 시 3기·잠복 신규 추가
제3급,매독(잠복),-,-,-,-,-,-,-,-,1220,979,2020-2023 표본감시(전수표 제외). 2024 전수 재전환 시 3기·잠복 신규 추가
제3급,엠폭스,-,-,-,-,-,-,-,-,17,27,고시 2024.1.1 개정으로 제2급→제3급. 2022-2023은 제2급 행에 기재
