연도,주차,감염병,유입국가,신고수,출처호
2023,52,말라리아,인도네시아,1,17-1
2023,52,뎅기열,대만,1,17-1
2024,1,말라리아,부르키나파소,1,17-2
2024,1,뎅기열,베트남,1,17-2
2024,1,매독(잠복),중국,1,17-2
2024,6,홍역,우즈베키스탄,1,17-6
2024,6,세균성이질,필리핀,1,17-6
2024,6,매독(1기),네팔,1,17-6
2024,6,매독(2기),미국,1,17-6
2024,6,매독(잠복),독일,1,17-6
2024,6,매독(잠복),몽골,1,17-6
2024,10,뎅기열,인도네시아,1,17-10
2024,10,뎅기열,필리핀,1,17-10
2024,10,매독(1기),네팔,1,17-10
2024,10,매독(1기),미국,1,17-10
2024,10,매독(잠복),몽골,1,17-10
2024,10,매독(잠복),예멘,1,17-10
2024,14,수두,홍콩,1,17-14
2024,14,세균성이질,필리핀,1,17-14
2024,14,뎅기열,인도네시아,1,17-14
2024,14,뎅기열,태국,1,17-14
2024,14,매독(1기),라오스,1,17-14
2024,14,매독(잠복),몽골,1,17-14
2024,18,수두,인도네시아,1,17-18
2024,18,세균성이질,베트남,1,17-18
2024,18,C형간염,러시아,1,17-18
2024,18,뎅기열,베트남,1,17-18
2024,22,성홍열,미국,1,17-22
2024,22,말라리아,탄자니아,1,17-22
2024,22,뎅기열,브라질,1,17-22
2024,22,매독(1기),인도네시아,1,17-22
2024,22,매독(1기),태국,2,17-22
2024,22,매독(잠복),라오스,1,17-22
2024,22,매독(잠복),필리핀,1,17-22
2024,26,백일해,베트남,1,17-26
2024,26,백일해,필리핀,1,17-26
2024,26,C형간염,중국,2,17-26
2024,26,뎅기열,인도네시아,1,17-26
2024,26,매독(1기),남아프리카공화국,1,17-26
2024,26,필리핀(1) 매독(2기),라오스,1,17-26
2024,26,매독(잠복),남아프리카공화국,1,17-26
2024,30,세균성이질,필리핀,1,17-30
2024,30,세균성이질,캄보디아,1,17-30
2024,30,C형간염,몽골,1,17-30
2024,30,C형간염,일본,1,17-30
2024,30,말라리아,인도네시아,1,17-30
2024,30,뎅기열,라오스,1,17-30
2024,30,매독(2기),캄보디아,1,17-30
2024,30,매독(잠복),일본,1,17-30
2024,30,매독(잠복),태국,1,17-30
2024,34,수두,스페인,1,17-34
2024,34,수두,베트남,1,17-34
2024,34,백일해,일본,2,17-34
2024,34,유행성이하선염,베트남,1,17-34
2024,34,뎅기열,인도네시아,2,17-34
2024,34,치쿤구니야열,인도,1,17-34
2024,36,백일해,몽골,1,17-36
2024,36,말라리아,가봉,1,17-36
2024,36,뎅기열,인도,1,17-36
2024,36,뎅기열,필리핀,2,17-36
2024,39,수두,태국,1,17-38
2024,39,유행성이하선염,중국,1,17-38
2024,39,뎅기열,라오스,1,17-38
2024,39,뎅기열,필리핀,1,17-38
2024,39,매독(2기),필리핀,1,17-38
2024,39,매독(잠복),멕시코,1,17-38
2024,43,말라리아,싱가포르,1,17-42
2024,43,뎅기열,라오스,1,17-42
2024,43,뎅기열,온두리스,1,17-42
2024,47,수두,베트남,1,17-46
2024,47,백일해,중국,1,17-46
2024,47,성홍열,홍콩,1,17-46
2024,47,C형간염,러시아,1,17-46
2024,47,말라리아,나이지리아,2,17-46
2024,47,뎅기열,라오스,1,17-46
2024,47,매독(1기),라오스,1,17-46
2024,47,매독(1기),태국,1,17-46
2024,47,매독(잠복),인도네시아,1,17-46
2024,51,수두,홍콩,1,17-50
2024,51,말라리아,남수단,1,17-50
2024,51,말라리아,적도기니,1,17-50
2024,51,뎅기열,태국,1,17-50
2024,51,매독(1기),필리핀,1,17-50
2024,51,매독(잠복),태국,1,17-50
2025,1,수두,말레이시아,1,18-2
2025,1,뎅기열,인도네시아,1,18-2
2025,6,레지오넬라증,말레이시아,1,18-6
2025,6,뎅기열,인도네시아,2,18-6
2025,10,수두,베트남,1,18-10
2025,10,홍역,베트남,2,18-10
2025,10,백일해,필리핀,1,18-10
2025,10,말라리아,우간다,1,18-10
2025,10,뎅기열,인도네시아,1,18-10
2025,14,수두,러시아,1,18-14
2025,14,수두,스페인,1,18-14
2025,14,홍역,베트남,1,18-14
2025,14,파라티푸스,남아프리카공화국,1,18-14
2025,14,C형간염,조선민주주의인민공화국,1,18-14
2025,14,매독(1기),필리핀,1,18-14
2025,14,매독(2기),베트남,1,18-14
2025,18,A형간염,중국,1,18-18
2025,18,말라리아,세네갈,1,18-18
2025,18,뎅기열,캄보디아,1,18-18
2025,18,매독(잠복),태국,1,18-18
2025,22,유행성이하선염,미국,1,18-22
2025,22,C형간염,몽골,1,18-22
2025,22,말라리아,우간다,1,18-22
2025,22,뎅기열,베트남,1,18-22
2025,22,지카바이러스감염증,인도네시아,1,18-22
2025,22,매독(잠복),태국,1,18-22
2025,26,A형간염,인도,1,18-26
2025,26,C형간염,중국,1,18-26
2025,26,뎅기열,인도네시아,1,18-26
2025,26,뎅기열,태국,1,18-26
2025,30,A형간염,미얀마,1,18-30
2025,30,카바페넴내성장내세균목(CRE) 감염증,중국,1,18-30
2025,30,C형간염,우즈베키스탄,1,18-30
2025,30,C형간염,중국,1,18-30
2025,30,말라리아,기니,1,18-30
2025,30,뎅기열,베트남,1,18-30
2025,30,뎅기열,스리랑카,1,18-30
2025,30,유비저,라오스,1,18-30
2025,30,매독(1기),베트남,1,18-30
2025,30,매독(1기),태국,1,18-30
2025,34,수두,일본,1,18-34
2025,34,A형간염,필리핀,1,18-34
2025,34,C형간염,러시아,1,18-34
2025,34,C형간염,중국,1,18-34
2025,34,말라리아,남수단,3,18-34
2025,34,말라리아,미얀마,1,18-34
2025,34,뎅기열,라오스,1,18-34
2025,34,뎅기열,베트남,2,18-34
2025,34,뎅기열,필리핀,1,18-34
2025,34,매독(1기),태국,1,18-34
2025,34,매독(1기),대만,1,18-34
2025,34,매독(1기),필리핀,1,18-34
2025,34,매독(잠복),캄보디아,1,18-34
2025,38,A형간염,중국,1,18-38
2025,38,성홍열,중국,1,18-38
2025,38,말라리아,남수단,2,18-38
2025,38,신증후군출혈열,말레이시아,1,18-38
2025,38,뎅기열,베트남,2,18-38
2025,38,뎅기열,캄보디아,1,18-38
2025,38,치쿤구니야열,인도네시아,1,18-38
2025,38,매독(1기),인도,1,18-38
2025,38,매독(2기),필리핀,1,18-38
2025,51,유비저,캄보디아,1,18-50
2026,2,수두,필리핀,1,19-2
2026,2,유행성이하선염,헝가리,1,19-2
2026,2,뎅기열,인도네시아,1,19-2
2026,2,매독(잠복),중국,1,19-2
2026,2,매독(잠복),태국,1,19-2
2026,6,세균성이질,라오스,1,19-6
2026,6,C형간염,몽골,1,19-6
2026,11,수두,방글라데시,1,19-10
2026,11,수두,중국,2,19-10
2026,11,뎅기열,몰디브,1,19-10
2026,11,매독(1기),베트남,1,19-10
2026,15,유행성이하선염,베트남,1,19-14
2026,15,C형간염,미국,1,19-14
2026,15,뎅기열,베트남,1,19-14
2026,15,매독(2기),태국,2,19-14
2026,19,수두,베트남,1,19-18
2026,19,성홍열,홍콩,1,19-18
2026,19,말라리아,코트디부아르,1,19-18
2026,19,레지오넬라증,중국,1,19-18
2026,23,C형간염,몽골,1,19-22
2026,23,말라리아,에티오피아,2,19-22
2026,23,매독(1기),이집트,1,19-22
2026,27,수두,베트남,1,19-26
2026,27,수두,일본,2,19-26
2026,27,A형간염,일본,1,19-26
2026,27,뎅기열,캄보디아,1,19-26
2026,27,매독(2기),태국,1,19-26
2026,27,매독(잠복),몽골,1,19-26
2026,31,수두,중국,2,19-30
2026,31,수두,베트남,1,19-30
2026,31,세균성이질,탄자니아,1,19-30
2026,31,장출혈성대장균감염증,탄자니아,1,19-30
2026,31,뎅기열,베트남,1,19-30
2026,31,엠폭스(원숭이두창),일본,1,19-30
2026,31,매독(1기),필리핀,1,19-30
2026,31,매독(2기),필리핀,1,19-30
2026,31,매독(2기),일본,1,19-30
2026,31,매독(3기),베트남,1,19-30
2026,35,수두,베트남,1,19-34
2026,35,수두,싱가포르,1,19-34
2026,35,한센병,미얀마,1,19-34
2026,35,말라리아,가나,1,19-34
2026,35,뎅기열,말레이시아,1,19-34
2026,35,매독(1기),중국,1,19-34
2026,35,매독(2기),베트남,1,19-34
2026,35,매독(2기),태국,1,19-34
