연도,주차,총검출률,아데노,보카,파라인플루엔자,RSV,리노,메타뉴모,코로나,인플루엔자,코로나19,출처호
2023,49,93.0,9.0,2.0,2.0,5.9,13.4,0.0,11.2,42.2,7.3,17-1
2023,50,98.2,9.0,2.4,0.7,8.8,10.8,1.8,13.0,43.8,7.9,17-2
2023,51,95.3,12.5,3.1,0.5,8.8,11.2,0.5,15.1,35.6,8.1,17-2
2023,52,94.8,7.4,1.5,0.9,12.0,8.3,1.5,15.7,39.5,7.7,17-2
2024,1,87.2,6.1,1.7,0.7,8.8,6.1,3.0,8.1,40.9,11.8,17-2
2024,3,88.1,7.8,2.2,1.5,16.0,7.8,2.7,9.0,28.9,12.4,17-6
2024,4,83.3,7.8,3.0,1.1,11.6,7.8,3.0,8.6,25.8,14.8,17-6
2024,5,78.8,8.6,2.3,0.6,10.3,6.6,3.7,7.7,24.4,14.6,17-6
2024,6,71.2,5.1,1.4,1.1,16.2,4.8,2.6,6.0,16.2,17.7,17-6
2024,7,73.2,5.4,0.7,0.7,12.3,5.4,2.5,6.2,17.8,22.1,17-10
2024,8,71.2,5.7,1.8,2.1,11.4,8.8,3.9,5.5,10.6,21.3,17-10
2024,9,72.4,4.8,2.1,0.3,15.2,9.7,8.2,6.1,6.1,20.0,17-10
2024,10,68.8,8.3,2.4,1.5,9.8,10.7,5.4,4.5,5.7,20.5,17-10
2024,11,69.2,6.7,1.5,1.5,6.2,17.9,5.4,6.2,6.2,17.7,17-14
2024,12,77.2,5.8,1.4,3.6,5.8,24.3,6.7,3.8,7.9,17.8,17-14
2024,13,82.6,6.8,3.2,3.4,4.1,28.5,7.5,3.8,7.9,17.4,17-14
2024,14,79.5,9.0,3.5,5.8,5.1,24.2,11.5,3.0,7.8,9.7,17-14
2024,15,74.6,8.7,3.2,7.7,4.0,21.9,9.5,3.0,7.5,9.0,17-18
2024,16,74.3,8.1,3.6,13.7,2.0,21.9,9.9,1.5,5.9,7.6,17-18
2024,17,80.2,7.0,5.3,17.3,1.1,21.8,13.7,0.8,3.9,9.2,17-18
2024,18,82.3,8.5,6.6,19.3,3.7,20.9,13.0,0.8,3.4,6.1,17-18
2024,19,79.3,6.8,7.9,19.2,3.4,17.3,14.3,1.1,4.5,4.9,17-22
2024,20,71.3,3.8,6.4,19.7,1.6,20.1,10.2,1.0,2.2,6.4,17-22
2024,21,80.5,10.1,11.3,21.4,0.9,17.9,8.5,0.9,3.1,6.3,17-22
2024,22,70.6,9.8,6.3,19.0,0.3,19.0,8.9,0.0,2.2,5.1,17-22
2024,23,69.0,8.3,9.9,17.3,0.0,21.4,4.8,0.0,1.9,5.4,17-26
2024,24,57.7,4.1,6.6,16.1,1.6,14.8,7.3,0.3,0.3,6.6,17-26
2024,25,50.8,5.5,4.5,16.1,0.3,11.6,4.5,1.6,0.3,6.4,17-26
2024,26,61.0,7.1,5.9,18.6,0.4,16.0,3.7,1.1,0.7,7.5,17-26
2024,27,60.4,6.5,6.2,12.4,0.0,19.6,3.3,0.4,0.4,11.6,17-30
2024,28,56.6,5.1,5.5,11.0,0.7,17.3,2.2,0.7,0.4,13.6,17-30
2024,29,60.3,6.6,1.9,8.8,0.0,14.8,2.2,0.3,0.9,24.6,17-30
2024,30,66.7,3.8,5.0,6.0,1.3,17.0,3.1,0.3,0.9,29.2,17-30
2024,31,65.5,3.6,3.1,2.9,1.0,11.9,2.1,0.3,1.3,39.2,17-34
2024,32,62.1,3.3,2.3,2.0,1.0,6.4,1.5,0.0,2.0,43.5,17-34
2024,33,61.5,2.7,2.7,3.0,1.1,6.0,1.4,0.0,1.1,43.4,17-36
2024,34,55.2,3.8,1.1,3.3,0.3,5.8,1.1,0.3,0.5,39.0,17-36
2024,35,54.8,3.5,1.9,2.9,0.3,10.4,0.5,0.0,1.3,34.0,17-36
2024,36,46.1,3.4,2.5,0.0,0.3,12.1,1.9,0.0,0.3,25.7,17-38
2024,37,45.8,5.1,2.2,1.4,1.1,16.3,0.3,0.6,0.3,18.5,17-38
2024,38,43.7,3.7,0.7,0.7,2.2,16.3,0.0,0.0,1.5,18.5,17-38
2024,39,41.4,5.4,3.4,1.1,0.8,13.0,1.1,0.0,0.4,16.1,17-38
2024,40,42.5,6.7,1.0,0.0,4.1,15.0,3.6,0.0,0.5,11.4,17-42
2024,41,35.5,2.5,1.4,0.4,1.1,14.0,1.4,1.1,2.2,11.5,17-42
2024,42,39.3,1.9,0.9,0.9,2.2,23.7,0.9,0.3,1.6,6.9,17-42
2024,43,45.2,5.1,2.0,0.7,4.1,24.1,2.0,0.7,1.4,5.1,17-42
2024,44,45.2,4.6,1.0,0.7,3.0,28.9,0.7,0.3,0.7,5.6,17-46
2024,45,42.7,2.9,2.0,1.5,4.7,22.7,0.9,0.3,2.6,5.2,17-46
2024,46,43.5,3.3,1.0,0.7,5.6,24.5,1.0,0.7,3.6,3.3,17-46
2024,47,42.2,4.9,1.4,0.6,5.8,22.5,2.9,0.3,1.4,2.3,17-46
2024,48,47.9,7.3,0.6,0.3,6.7,20.4,0.6,2.6,5.1,4.2,17-50
2024,49,57.1,7.0,2.3,0.6,9.6,19.1,3.2,2.3,9.3,3.8,17-50
2024,50,55.1,3.7,1.9,0.3,11.0,12.8,4.3,3.2,15.2,2.7,18-2
2024,51,70.8,5.3,1.5,0.2,11.3,11.5,4.2,5.5,29.0,2.2,18-2
2024,52,88.3,4.5,1.2,0.4,11.2,7.4,5.3,5.5,50.9,2.0,18-2
2025,1,90.1,5.5,0.7,0.4,7.1,3.3,4.2,3.8,62.9,2.2,18-2
2025,3,81.5,5.1,1.6,0.8,7.9,3.5,6.3,8.8,45.6,1.8,18-6
2025,4,79.6,5.0,1.4,0.7,7.9,3.6,7.9,14.7,36.4,2.0,18-6
2025,5,63.9,4.1,2.5,0.0,11.5,2.5,9.8,7.4,24.6,1.6,18-6
2025,6,56.1,3.4,1.7,0.7,4.1,4.4,10.8,10.1,14.2,6.8,18-6
2025,7,61.2,4.4,1.6,0.3,6.9,5.4,10.7,12.3,14.8,4.7,18-10
2025,8,61.6,6.9,1.5,0.9,4.2,5.7,9.1,16.3,12.1,4.8,18-10
2025,9,63.4,4.5,1.3,1.3,4.5,8.1,9.1,13.3,13.9,7.4,18-10
2025,10,73.5,6.7,0.7,2.6,3.7,10.8,16.0,14.6,12.3,6.0,18-10
2025,11,77.7,6.7,1.7,1.2,5.2,10.1,11.9,14.5,15.9,10.4,18-14
2025,12,69.7,3.2,1.1,0.8,1.3,13.7,9.7,12.1,17.2,10.7,18-14
2025,13,78.8,5.1,0.7,1.6,2.3,16.1,7.7,11.2,21.0,13.1,18-14
2025,14,74.7,3.0,1.9,2.8,1.2,13.7,10.7,7.7,22.5,11.4,18-14
2025,15,77.0,2.7,2.9,2.9,1.1,14.6,8.8,7.4,25.7,10.8,18-18
2025,16,78.3,3.3,2.6,3.7,0.7,20.8,5.8,5.6,28.0,7.7,18-18
2025,17,82.5,5.9,3.7,4.2,0.7,15.0,9.9,7.4,28.8,6.9,18-18
2025,18,73.3,7.0,5.8,8.6,0.8,18.7,6.7,4.5,17.0,4.2,18-18
2025,19,65.6,9.6,6.4,7.8,0.5,14.2,6.0,6.0,12.4,2.8,18-22
2025,20,74.2,7.7,9.8,8.3,0.0,20.6,5.2,4.0,10.1,8.6,18-22
2025,21,78.4,9.1,11.6,13.8,1.3,22.9,6.0,1.9,3.1,8.8,18-22
2025,22,76.4,9.4,11.2,15.6,0.3,23.6,3.8,1.2,3.5,7.7,18-22
2025,23,82.2,5.8,14.9,19.0,0.4,23.6,2.5,2.9,5.4,7.9,18-26
2025,24,77.6,6.6,7.2,19.7,0.3,27.3,1.6,2.6,2.3,9.9,18-26
2025,25,61.2,3.4,10.3,14.4,0.0,18.9,2.4,0.3,1.7,9.6,18-26
2025,26,75.6,5.3,11.3,22.2,0.8,22.9,3.0,0.4,1.1,8.6,18-26
2025,27,80.8,4.6,5.7,33.0,0.0,26.4,1.5,0.8,2.3,6.5,18-30
2025,28,79.8,3.8,8.2,25.7,1.0,23.6,2.1,0.7,1.7,13.0,18-30
2025,29,76.6,7.3,3.8,28.4,0.8,18.0,1.1,0.4,0.4,16.5,18-30
2025,30,78.4,6.4,4.9,25.0,0.8,17.8,1.9,0.0,1.5,20.1,18-30
2025,31,72.0,1.1,1.8,24.7,0.4,17.8,1.5,0.4,1.8,22.5,18-34
2025,32,74.8,3.9,3.6,18.6,0.0,14.4,1.0,1.0,0.3,32.0,18-34
2025,33,69.4,3.8,1.3,14.9,1.7,14.5,0.9,0.4,0.4,31.5,18-34
2025,34,72.2,3.1,3.1,14.2,1.0,13.2,2.1,1.4,1.4,32.6,18-34
2025,35,72.6,4.9,2.2,13.0,1.6,10.0,1.1,1.1,1.1,37.7,18-38
2025,36,68.6,2.6,2.6,12.5,0.3,8.4,0.3,0.6,2.3,39.0,18-38
2025,37,68.7,3.3,2.8,13.0,1.3,13.2,1.8,1.0,1.5,30.8,18-38
2025,38,75.3,3.8,2.4,13.1,4.3,14.5,1.9,2.1,2.1,31.1,18-38
2025,40,73.5,2.2,2.8,11.4,6.2,18.2,0.6,0.6,7.1,24.4,18-42
2025,41,64.0,2.7,0.9,15.3,6.3,17.1,0.9,0.0,8.1,12.6,18-42
2025,42,63.9,1.4,2.1,10.1,3.8,19.8,1.0,2.1,7.3,16.3,18-42
2025,43,65.0,2.5,2.5,10.9,7.8,15.9,0.6,0.9,11.6,12.2,18-42
2025,44,69.9,2.4,2.6,9.5,7.7,18.2,0.8,0.5,19.0,9.2,18-46
2025,45,89.0,1.8,2.3,10.4,4.7,25.9,1.8,0.7,35.1,6.3,18-46
2025,46,85.2,1.7,2.6,8.6,5.4,24.0,0.6,1.3,36.9,4.1,18-46
2025,47,89.3,2.7,2.1,8.4,4.8,21.5,1.3,1.0,45.0,2.5,18-46
2025,48,81.7,4.0,0.8,4.0,6.2,18.8,1.3,1.7,43.1,1.7,18-50
2025,49,85.5,3.5,1.8,7.0,7.3,24.0,0.7,1.3,38.2,1.8,18-50
2025,50,82.1,3.8,1.3,7.7,6.4,15.5,0.7,3.8,41.1,2.0,18-50
2025,51,82.0,2.8,1.4,4.4,10.8,19.9,1.2,2.3,38.2,0.9,19-2
2025,52,81.1,3.2,1.4,7.1,11.0,17.7,0.9,3.9,34.5,1.4,19-2
2026,1,84.5,1.5,2.3,7.3,12.0,16.5,1.5,4.0,35.1,4.3,19-2
2026,2,81.8,3.5,1.0,7.4,10.2,13.9,2.2,7.0,33.5,3.1,19-2
2026,3,80.0,2.3,1.2,6.2,9.4,10.6,2.0,7.8,39.0,1.4,19-6
2026,4,79.9,3.8,1.1,4.3,10.1,10.0,3.1,10.0,35.7,1.8,19-6
2026,5,87.9,2.8,1.1,4.7,9.3,12.3,2.3,13.3,40.6,1.3,19-6
2026,6,85.2,3.7,2.6,3.3,10.9,8.8,2.5,13.6,38.4,1.4,19-6
2026,8,82.8,2.3,1.4,3.6,9.0,6.3,2.7,19.9,36.7,0.9,19-10
2026,9,67.4,3.0,1.4,3.2,11.0,5.7,4.1,14.7,23.7,0.5,19-10
2026,10,76.6,3.1,0.6,4.6,12.8,12.3,8.0,16.0,18.5,0.9,19-10
2026,11,76.7,3.9,1.6,3.9,10.7,10.7,7.1,20.3,16.7,1.8,19-10
2026,12,84.9,2.7,1.6,4.9,7.8,20.0,8.9,22.5,13.2,3.3,19-14
2026,13,83.2,2.7,2.1,3.5,6.8,24.2,10.3,15.6,13.3,4.7,19-14
2026,14,84.4,2.6,2.6,4.7,5.3,23.5,11.3,17.6,12.1,4.7,19-14
2026,15,82.5,1.9,3.0,5.9,4.7,24.7,9.7,16.1,10.1,6.3,19-14
2026,16,79.2,3.9,4.7,7.2,2.5,19.8,13.0,15.1,7.2,5.8,19-18
2026,17,76.0,4.9,4.9,8.6,3.2,24.0,15.0,10.0,2.9,2.5,19-18
2026,18,78.6,3.2,6.7,8.5,2.8,27.4,14.3,10.1,2.8,2.8,19-18
2026,19,71.5,7.2,2.4,9.6,3.6,23.3,11.2,8.0,2.4,3.6,19-18
2026,20,73.7,4.3,6.9,11.2,1.9,21.3,13.2,11.5,1.0,2.4,19-22
2026,21,82.9,4.1,7.3,18.1,0.8,22.8,15.5,11.1,1.3,1.8,19-22
2026,22,85.1,9.4,12.5,15.6,1.7,19.4,13.9,9.7,0.7,2.1,19-22
2026,23,73.9,4.0,8.6,18.0,1.1,22.0,11.8,7.0,0.0,1.3,19-22
2026,24,76.4,5.5,11.3,25.9,0.3,14.9,10.7,3.6,1.3,2.9,19-26
2026,25,71.4,3.0,7.0,24.6,1.0,20.6,9.0,4.0,0.3,2.0,19-26
2026,26,74.1,8.2,6.3,25.2,1.3,19.9,7.6,3.5,0.3,1.9,19-26
2026,27,78.8,3.5,5.9,28.9,1.2,22.7,10.6,2.4,0.3,3.2,19-26
2026,28,69.5,4.6,3.6,26.6,1.6,20.0,7.2,1.0,1.6,3.3,19-30
2026,29,63.8,4.1,3.8,25.0,0.9,17.1,7.4,1.2,0.3,4.1,19-30
2026,30,64.3,1.8,4.0,27.8,0.4,20.9,5.4,0.4,0.4,3.2,19-30
2026,31,59.9,2.8,2.1,24.2,0.7,18.3,3.1,0.7,2.1,5.9,19-30
2026,32,59.3,2.5,1.1,21.1,1.8,15.0,5.4,1.1,5.7,5.7,19-34
2026,33,59.7,3.0,1.3,20.5,1.3,14.8,3.0,1.3,5.4,9.1,19-34
2026,34,59.7,3.2,2.3,14.0,2.3,12.7,3.6,0.5,10.0,11.3,19-34
2026,35,64.1,3.9,2.2,11.7,1.1,17.3,3.9,0.0,12.3,11.7,19-34
